[29Aug2026 21:19:59.889] [main/INFO] [cpw.mods.modlauncher.Launcher/MODLAUNCHER]: ModLauncher running: args [--launchTarget, forgeserver, --fml.neoForgeVersion, 21.1.248, --fml.fmlVersion, 4.0.43, --fml.mcVersion, 1.21.1, --fml.neoFormVersion, 20240808.144430, nogui]
[29Aug2026 21:19:59.977] [main/INFO] [cpw.mods.modlauncher.Launcher/MODLAUNCHER]: JVM identified as Ubuntu OpenJDK 64-Bit Server VM 21.0.11+10-1-24.04.2-Ubuntu
[29Aug2026 21:19:59.979] [main/INFO] [cpw.mods.modlauncher.Launcher/MODLAUNCHER]: ModLauncher 11.0.5+main.901c6ea8 starting: java version 21.0.11 by Ubuntu; OS Linux arch amd64 version 6.8.0-1052-azure
[29Aug2026 21:20:10.696] [main/INFO] [net.neoforged.fml.loading.ImmediateWindowHandler/]: ImmediateWindowProvider not loading because launch target is forgeserver
[29Aug2026 21:20:10.914] [main/INFO] [mixin/]: SpongePowered MIXIN Subsystem Version=0.8.7 Source=union:/workspaces/create-a/servidor_minecraft/libraries/net/fabricmc/sponge-mixin/0.15.2+mixin.0.8.7/sponge-mixin-0.15.2+mixin.0.8.7.jar%2373!/ Service=ModLauncher Env=SERVER
[29Aug2026 21:20:11.535] [main/INFO] [net.neoforged.fml.loading.moddiscovery.ModDiscoverer/SCAN]: Found mod file "server-1.21.1-20240808.144430-srg.jar" [locator: production server provider +net.neoforged:neoforge:21.1.248:server]
[29Aug2026 21:20:11.659] [main/INFO] [net.neoforged.fml.loading.moddiscovery.ModDiscoverer/SCAN]: Found mod file "neoforge-21.1.248-universal.jar" [locator: PathBasedLocator[name=neoforge, paths=[libraries/net/neoforged/neoforge/21.1.248/neoforge-21.1.248-universal.jar]], reader: mod manifest]
[29Aug2026 21:20:11.662] [main/INFO] [net.neoforged.fml.loading.moddiscovery.ModDiscoverer/SCAN]: Found library file "~nonexistent" [locator: org.sinytra.connector.locator.ConnectorEarlyLocatorBootstrap@611f8234]
[29Aug2026 21:20:11.672] [main/INFO] [net.neoforged.fml.loading.moddiscovery.ModDiscoverer/SCAN]: Found mod file "accessories-neoforge-1.1.0-beta.53+1.21.1.jar" [locator: {mods folder locator at /workspaces/create-a/servidor_minecraft/mods}, reader: mod manifest]
[29Aug2026 21:20:11.679] [main/INFO] [net.neoforged.fml.loading.moddiscovery.ModDiscoverer/SCAN]: Found mod file "adorablehamsterpets-3.6.1-1.21.1+neoforge.jar" [locator: {mods folder locator at /workspaces/create-a/servidor_minecraft/mods}, reader: mod manifest]
[29Aug2026 21:20:11.684] [main/INFO] [net.neoforged.fml.loading.moddiscovery.ModDiscoverer/SCAN]: Found mod file "aeronauticscompat-1.1.3.jar" [locator: {mods folder locator at /workspaces/create-a/servidor_minecraft/mods}, reader: mod manifest]
[29Aug2026 21:20:11.740] [main/INFO] [net.neoforged.fml.loading.moddiscovery.ModDiscoverer/SCAN]: Found mod file "aether-1.21.1-1.5.10-neoforge.jar" [locator: {mods folder locator at /workspaces/create-a/servidor_minecraft/mods}, reader: mod manifest]
[29Aug2026 21:20:11.774] [main/INFO] [net.neoforged.fml.loading.moddiscovery.ModDiscoverer/SCAN]: Found mod file "alexscaves-2.0.10.jar" [locator: {mods folder locator at /workspaces/create-a/servidor_minecraft/mods}, reader: mod manifest]
[29Aug2026 21:20:11.778] [main/INFO] [net.neoforged.fml.loading.moddiscovery.ModDiscoverer/SCAN]: Found mod file "appleskin-neoforge-mc1.21-3.0.9.jar" [locator: {mods folder locator at /workspaces/create-a/servidor_minecraft/mods}, reader: mod manifest]
[29Aug2026 21:20:11.781] [main/INFO] [net.neoforged.fml.loading.moddiscovery.ModDiscoverer/SCAN]: Found mod file "architectury-13.0.11-neoforge.jar" [locator: {mods folder locator at /workspaces/create-a/servidor_minecraft/mods}, reader: mod manifest]
[29Aug2026 21:20:11.784] [main/INFO] [net.neoforged.fml.loading.moddiscovery.ModDiscoverer/SCAN]: Found mod file "artifacts-neoforge-13.2.3.jar" [locator: {mods folder locator at /workspaces/create-a/servidor_minecraft/mods}, reader: mod manifest]
[29Aug2026 21:20:11.786] [main/INFO] [net.neoforged.fml.loading.moddiscovery.ModDiscoverer/SCAN]: Found mod file "azimuth-1.4.7.jar" [locator: {mods folder locator at /workspaces/create-a/servidor_minecraft/mods}, reader: mod manifest]
[29Aug2026 21:20:11.789] [main/INFO] [net.neoforged.fml.loading.moddiscovery.ModDiscoverer/SCAN]: Found mod file "baguettelib-1.21.1-NeoForge-2.0.3.jar" [locator: {mods folder locator at /workspaces/create-a/servidor_minecraft/mods}, reader: mod manifest]
[29Aug2026 21:20:11.793] [main/INFO] [net.neoforged.fml.loading.moddiscovery.ModDiscoverer/SCAN]: Found mod file "balm-neoforge-1.21.1-21.0.65.jar" [locator: {mods folder locator at /workspaces/create-a/servidor_minecraft/mods}, reader: mod manifest]
[29Aug2026 21:20:11.829] [main/WARN] [net.neoforged.fml.loading.moddiscovery.ModDiscoverer/SCAN]: Skipping jar. File /workspaces/create-a/servidor_minecraft/mods/bclib-21.0.13.jar is a Fabric mod and cannot be loaded
[29Aug2026 21:20:11.833] [main/WARN] [net.neoforged.fml.loading.moddiscovery.ModDiscoverer/SCAN]: Skipping jar. File /workspaces/create-a/servidor_minecraft/mods/better-end-21.0.11.jar is a Fabric mod and cannot be loaded
[29Aug2026 21:20:11.836] [main/WARN] [net.neoforged.fml.loading.moddiscovery.ModDiscoverer/SCAN]: Skipping jar. File /workspaces/create-a/servidor_minecraft/mods/better-nether-21.0.11.jar is a Fabric mod and cannot be loaded
[29Aug2026 21:20:11.839] [main/INFO] [net.neoforged.fml.loading.moddiscovery.ModDiscoverer/SCAN]: Found mod file "bettercombat-neoforge-2.4.0+1.21.1.jar" [locator: {mods folder locator at /workspaces/create-a/servidor_minecraft/mods}, reader: mod manifest]
[29Aug2026 21:20:11.845] [main/INFO] [net.neoforged.fml.loading.moddiscovery.ModDiscoverer/SCAN]: Found gamelibrary file "bits_n_bobs-2.2.7.jar" [locator: {mods folder locator at /workspaces/create-a/servidor_minecraft/mods}, reader: mod manifest]
[29Aug2026 21:20:11.851] [main/INFO] [net.neoforged.fml.loading.moddiscovery.ModDiscoverer/SCAN]: Found mod file "born_in_chaos_[Neoforge]_1.21.1_1.7.6.jar" [locator: {mods folder locator at /workspaces/create-a/servidor_minecraft/mods}, reader: mod manifest]
[29Aug2026 21:20:11.854] [main/INFO] [net.neoforged.fml.loading.moddiscovery.ModDiscoverer/SCAN]: Found mod file "carryon-neoforge-1.21.1-2.2.6.13.jar" [locator: {mods folder locator at /workspaces/create-a/servidor_minecraft/mods}, reader: mod manifest]
[29Aug2026 21:20:11.858] [main/INFO] [net.neoforged.fml.loading.moddiscovery.ModDiscoverer/SCAN]: Found mod file "citadel-1.21.1-2.7.6.jar" [locator: {mods folder locator at /workspaces/create-a/servidor_minecraft/mods}, reader: mod manifest]
[29Aug2026 21:20:11.860] [main/INFO] [net.neoforged.fml.loading.moddiscovery.ModDiscoverer/SCAN]: Found mod file "cloth-config-15.0.140-neoforge.jar" [locator: {mods folder locator at /workspaces/create-a/servidor_minecraft/mods}, reader: mod manifest]
[29Aug2026 21:20:11.862] [main/INFO] [net.neoforged.fml.loading.moddiscovery.ModDiscoverer/SCAN]: Found mod file "comforts-neoforge-9.0.5+1.21.1.jar" [locator: {mods folder locator at /workspaces/create-a/servidor_minecraft/mods}, reader: mod manifest]
[29Aug2026 21:20:11.864] [main/INFO] [net.neoforged.fml.loading.moddiscovery.ModDiscoverer/SCAN]: Found mod file "ConnectorExtras-1.12.1+1.21.1.jar" [locator: {mods folder locator at /workspaces/create-a/servidor_minecraft/mods}, reader: mod manifest]
[29Aug2026 21:20:11.868] [main/INFO] [net.neoforged.fml.loading.moddiscovery.ModDiscoverer/SCAN]: Found mod file "copycats-3.0.8+mc.1.21.1-neoforge.jar" [locator: {mods folder locator at /workspaces/create-a/servidor_minecraft/mods}, reader: mod manifest]
[29Aug2026 21:20:11.870] [main/INFO] [net.neoforged.fml.loading.moddiscovery.ModDiscoverer/SCAN]: Found mod file "corpse-neoforge-1.21.1-1.1.13.jar" [locator: {mods folder locator at /workspaces/create-a/servidor_minecraft/mods}, reader: mod manifest]
[29Aug2026 21:20:11.873] [main/INFO] [net.neoforged.fml.loading.moddiscovery.ModDiscoverer/SCAN]: Found mod file "corpsecurioscompat-1.21.1-NeoForge-4.0.1.jar" [locator: {mods folder locator at /workspaces/create-a/servidor_minecraft/mods}, reader: mod manifest]
[29Aug2026 21:20:11.875] [main/INFO] [net.neoforged.fml.loading.moddiscovery.ModDiscoverer/SCAN]: Found mod file "cr_aero_structures.jar" [locator: {mods folder locator at /workspaces/create-a/servidor_minecraft/mods}, reader: mod manifest]
[29Aug2026 21:20:11.924] [main/INFO] [net.neoforged.fml.loading.moddiscovery.ModDiscoverer/SCAN]: Found mod file "create-1.21.1-6.0.10.jar" [locator: {mods folder locator at /workspaces/create-a/servidor_minecraft/mods}, reader: mod manifest]
[29Aug2026 21:20:11.927] [main/INFO] [net.neoforged.fml.loading.moddiscovery.ModDiscoverer/SCAN]: Found mod file "create-aeronautics-bundled-1.21.1-1.3.1.jar" [locator: {mods folder locator at /workspaces/create-a/servidor_minecraft/mods}, reader: mod manifest]
[29Aug2026 21:20:11.932] [main/INFO] [net.neoforged.fml.loading.moddiscovery.ModDiscoverer/SCAN]: Found mod file "create-enchantment-industry-2.5.3.jar" [locator: {mods folder locator at /workspaces/create-a/servidor_minecraft/mods}, reader: mod manifest]
[29Aug2026 21:20:11.934] [main/INFO] [net.neoforged.fml.loading.moddiscovery.ModDiscoverer/SCAN]: Found mod file "create-man-of-many-planes-1.1.jar" [locator: {mods folder locator at /workspaces/create-a/servidor_minecraft/mods}, reader: mod manifest]
[29Aug2026 21:20:11.936] [main/INFO] [net.neoforged.fml.loading.moddiscovery.ModDiscoverer/SCAN]: Found mod file "create-stuff-additions1.21.1_v2.1.4b.jar" [locator: {mods folder locator at /workspaces/create-a/servidor_minecraft/mods}, reader: mod manifest]
[29Aug2026 21:20:11.940] [main/INFO] [net.neoforged.fml.loading.moddiscovery.ModDiscoverer/SCAN]: Found mod file "create_connected-1.3.2-mc1.21.1.jar" [locator: {mods folder locator at /workspaces/create-a/servidor_minecraft/mods}, reader: mod manifest]
[29Aug2026 21:20:11.942] [main/INFO] [net.neoforged.fml.loading.moddiscovery.ModDiscoverer/SCAN]: Found mod file "create_copper_and_zinc-2.0.0-neoforge-1.21.1.jar" [locator: {mods folder locator at /workspaces/create-a/servidor_minecraft/mods}, reader: mod manifest]
[29Aug2026 21:20:11.944] [main/INFO] [net.neoforged.fml.loading.moddiscovery.ModDiscoverer/SCAN]: Found mod file "create_deep_dark-3.0.2-neoforge-1.21.1.jar" [locator: {mods folder locator at /workspaces/create-a/servidor_minecraft/mods}, reader: mod manifest]
[29Aug2026 21:20:11.946] [main/INFO] [net.neoforged.fml.loading.moddiscovery.ModDiscoverer/SCAN]: Found mod file "create_easy_structures-0.2a-neoforge-1.21.1.jar" [locator: {mods folder locator at /workspaces/create-a/servidor_minecraft/mods}, reader: mod manifest]
[29Aug2026 21:20:11.949] [main/INFO] [net.neoforged.fml.loading.moddiscovery.ModDiscoverer/SCAN]: Found mod file "create_factory-0.7b-1.21.1.jar" [locator: {mods folder locator at /workspaces/create-a/servidor_minecraft/mods}, reader: mod manifest]
[29Aug2026 21:20:11.951] [main/INFO] [net.neoforged.fml.loading.moddiscovery.ModDiscoverer/SCAN]: Found mod file "create_jetpack-forge-5.2.1.jar" [locator: {mods folder locator at /workspaces/create-a/servidor_minecraft/mods}, reader: mod manifest]
[29Aug2026 21:20:11.954] [main/INFO] [net.neoforged.fml.loading.moddiscovery.ModDiscoverer/SCAN]: Found mod file "create_pattern_schematics-2.0.10.jar" [locator: {mods folder locator at /workspaces/create-a/servidor_minecraft/mods}, reader: mod manifest]
[29Aug2026 21:20:11.968] [main/INFO] [net.neoforged.fml.loading.moddiscovery.ModDiscoverer/SCAN]: Found mod file "create_rustic_structures-1.0.1-neoforge-1.21.1.jar" [locator: {mods folder locator at /workspaces/create-a/servidor_minecraft/mods}, reader: mod manifest]
[29Aug2026 21:20:11.971] [main/INFO] [net.neoforged.fml.loading.moddiscovery.ModDiscoverer/SCAN]: Found mod file "create_sophback_compat-1.0.jar" [locator: {mods folder locator at /workspaces/create-a/servidor_minecraft/mods}, reader: mod manifest]
[29Aug2026 21:20:11.973] [main/INFO] [net.neoforged.fml.loading.moddiscovery.ModDiscoverer/SCAN]: Found mod file "create_structures_arise-176.49.48 NeoForge 1.21.1.jar" [locator: {mods folder locator at /workspaces/create-a/servidor_minecraft/mods}, reader: mod manifest]
[29Aug2026 21:20:11.975] [main/INFO] [net.neoforged.fml.loading.moddiscovery.ModDiscoverer/SCAN]: Found mod file "create_structures_overhaul-1.3.1-neoforge-1.21.1.jar" [locator: {mods folder locator at /workspaces/create-a/servidor_minecraft/mods}, reader: mod manifest]
[29Aug2026 21:20:11.980] [main/INFO] [net.neoforged.fml.loading.moddiscovery.ModDiscoverer/SCAN]: Found mod file "create_submarine-2.2.4.jar" [locator: {mods folder locator at /workspaces/create-a/servidor_minecraft/mods}, reader: mod manifest]
[29Aug2026 21:20:11.981] [main/INFO] [net.neoforged.fml.loading.moddiscovery.ModDiscoverer/SCAN]: Found mod file "create_trimmed.jar" [locator: {mods folder locator at /workspaces/create-a/servidor_minecraft/mods}, reader: mod manifest]
[29Aug2026 21:20:11.983] [main/INFO] [net.neoforged.fml.loading.moddiscovery.ModDiscoverer/SCAN]: Found mod file "create_ultimate_factory-2.2.4-neoforge-1.21.1.jar" [locator: {mods folder locator at /workspaces/create-a/servidor_minecraft/mods}, reader: mod manifest]
[29Aug2026 21:20:12.022] [main/INFO] [net.neoforged.fml.loading.moddiscovery.ModDiscoverer/SCAN]: Found mod file "createaddition-1.6.0.jar" [locator: {mods folder locator at /workspaces/create-a/servidor_minecraft/mods}, reader: mod manifest]
[29Aug2026 21:20:12.078] [main/INFO] [net.neoforged.fml.loading.moddiscovery.ModDiscoverer/SCAN]: Found mod file "createbigcannons-5.11.7+mc.1.21.1.jar" [locator: {mods folder locator at /workspaces/create-a/servidor_minecraft/mods}, reader: mod manifest]
[29Aug2026 21:20:12.082] [main/INFO] [net.neoforged.fml.loading.moddiscovery.ModDiscoverer/SCAN]: Found mod file "createdeco-2.1.3.jar" [locator: {mods folder locator at /workspaces/create-a/servidor_minecraft/mods}, reader: mod manifest]
[29Aug2026 21:20:12.085] [main/INFO] [net.neoforged.fml.loading.moddiscovery.ModDiscoverer/SCAN]: Found mod file "createdieselgenerators-1.21.1-1.3.15.jar" [locator: {mods folder locator at /workspaces/create-a/servidor_minecraft/mods}, reader: mod manifest]
[29Aug2026 21:20:12.089] [main/INFO] [net.neoforged.fml.loading.moddiscovery.ModDiscoverer/SCAN]: Found mod file "CreateDragonsPlus-1.11.7b.jar" [locator: {mods folder locator at /workspaces/create-a/servidor_minecraft/mods}, reader: mod manifest]
[29Aug2026 21:20:12.100] [main/INFO] [net.neoforged.fml.loading.moddiscovery.ModDiscoverer/SCAN]: Found mod file "createfood-neoforge-1.21.1-2.7.1.jar" [locator: {mods folder locator at /workspaces/create-a/servidor_minecraft/mods}, reader: mod manifest]
[29Aug2026 21:20:12.102] [main/INFO] [net.neoforged.fml.loading.moddiscovery.ModDiscoverer/SCAN]: Found mod file "creategoggles-1.21.1-6.1.1-[NEOFORGE].jar" [locator: {mods folder locator at /workspaces/create-a/servidor_minecraft/mods}, reader: mod manifest]
[29Aug2026 21:20:12.105] [main/INFO] [net.neoforged.fml.loading.moddiscovery.ModDiscoverer/SCAN]: Found mod file "createnuclear-1.3.2-beta.3-neoforge.jar" [locator: {mods folder locator at /workspaces/create-a/servidor_minecraft/mods}, reader: mod manifest]
[29Aug2026 21:20:12.107] [main/INFO] [net.neoforged.fml.loading.moddiscovery.ModDiscoverer/SCAN]: Found mod file "createpropulsion-1.1.5.jar" [locator: {mods folder locator at /workspaces/create-a/servidor_minecraft/mods}, reader: mod manifest]
[29Aug2026 21:20:12.109] [main/INFO] [net.neoforged.fml.loading.moddiscovery.ModDiscoverer/SCAN]: Found mod file "createsa_tank_fix-1.3.jar" [locator: {mods folder locator at /workspaces/create-a/servidor_minecraft/mods}, reader: mod manifest]
[29Aug2026 21:20:12.111] [main/INFO] [net.neoforged.fml.loading.moddiscovery.ModDiscoverer/SCAN]: Found mod file "cristellib-neoforge-1.21.1-3.1.7.jar" [locator: {mods folder locator at /workspaces/create-a/servidor_minecraft/mods}, reader: mod manifest]
[29Aug2026 21:20:12.113] [main/INFO] [net.neoforged.fml.loading.moddiscovery.ModDiscoverer/SCAN]: Found mod file "curios-neoforge-9.5.1+1.21.1.jar" [locator: {mods folder locator at /workspaces/create-a/servidor_minecraft/mods}, reader: mod manifest]
[29Aug2026 21:20:12.116] [main/INFO] [net.neoforged.fml.loading.moddiscovery.ModDiscoverer/SCAN]: Found mod file "CustomPlayerModels-1.21-0.6.27a.jar" [locator: {mods folder locator at /workspaces/create-a/servidor_minecraft/mods}, reader: mod manifest]
[29Aug2026 21:20:12.186] [main/INFO] [net.neoforged.fml.loading.moddiscovery.ModDiscoverer/SCAN]: Found mod file "deeperdarker-neoforge-1.21.1-1.4.1.jar" [locator: {mods folder locator at /workspaces/create-a/servidor_minecraft/mods}, reader: mod manifest]
[29Aug2026 21:20:12.188] [main/INFO] [net.neoforged.fml.loading.moddiscovery.ModDiscoverer/SCAN]: Found mod file "deployer-0.1.2.jar" [locator: {mods folder locator at /workspaces/create-a/servidor_minecraft/mods}, reader: mod manifest]
[29Aug2026 21:20:12.194] [main/INFO] [net.neoforged.fml.loading.moddiscovery.ModDiscoverer/SCAN]: Found mod file "Design-n-Decor-1.21.1-2.2b.jar" [locator: {mods folder locator at /workspaces/create-a/servidor_minecraft/mods}, reader: mod manifest]
[29Aug2026 21:20:12.196] [main/INFO] [net.neoforged.fml.loading.moddiscovery.ModDiscoverer/SCAN]: Found mod file "entris-neoforge-1.21.1-0.2.0.jar" [locator: {mods folder locator at /workspaces/create-a/servidor_minecraft/mods}, reader: mod manifest]
[29Aug2026 21:20:12.199] [main/INFO] [net.neoforged.fml.loading.moddiscovery.ModDiscoverer/SCAN]: Found mod file "epic-fight-21.17.3.1-mc1.21.1-neoforge.jar" [locator: {mods folder locator at /workspaces/create-a/servidor_minecraft/mods}, reader: mod manifest]
[29Aug2026 21:20:12.202] [main/INFO] [net.neoforged.fml.loading.moddiscovery.ModDiscoverer/SCAN]: Found mod file "escalated-1.3.2+mc.1.21.1.jar" [locator: {mods folder locator at /workspaces/create-a/servidor_minecraft/mods}, reader: mod manifest]
[29Aug2026 21:20:12.204] [main/INFO] [net.neoforged.fml.loading.moddiscovery.ModDiscoverer/SCAN]: Found mod file "extra_gauges-2.1.2.jar" [locator: {mods folder locator at /workspaces/create-a/servidor_minecraft/mods}, reader: mod manifest]
[29Aug2026 21:20:12.208] [main/INFO] [net.neoforged.fml.loading.moddiscovery.ModDiscoverer/SCAN]: Found mod file "FarmersDelight-1.21.1-1.3.3.jar" [locator: {mods folder locator at /workspaces/create-a/servidor_minecraft/mods}, reader: mod manifest]
[29Aug2026 21:20:12.210] [main/INFO] [net.neoforged.fml.loading.moddiscovery.ModDiscoverer/SCAN]: Found mod file "Female-Gender-Mod-neoforge-1.21-3.2.2.jar" [locator: {mods folder locator at /workspaces/create-a/servidor_minecraft/mods}, reader: mod manifest]
[29Aug2026 21:20:12.218] [main/INFO] [net.neoforged.fml.loading.moddiscovery.ModDiscoverer/SCAN]: Found mod file "ferritecore-7.0.3-neoforge.jar" [locator: {mods folder locator at /workspaces/create-a/servidor_minecraft/mods}, reader: mod manifest]
[29Aug2026 21:20:12.219] [main/INFO] [net.neoforged.fml.loading.moddiscovery.ModDiscoverer/SCAN]: Found mod file "forgified-fabric-api-0.116.15+2.3.5+1.21.1.jar" [locator: {mods folder locator at /workspaces/create-a/servidor_minecraft/mods}, reader: mod manifest]
[29Aug2026 21:20:12.221] [main/INFO] [net.neoforged.fml.loading.moddiscovery.ModDiscoverer/SCAN]: Found mod file "friendsandfoes-neoforge-4.0.27+mc1.21.1.jar" [locator: {mods folder locator at /workspaces/create-a/servidor_minecraft/mods}, reader: mod manifest]
[29Aug2026 21:20:12.224] [main/INFO] [net.neoforged.fml.loading.moddiscovery.ModDiscoverer/SCAN]: Found mod file "fzzy_config-0.7.6+1.21+neoforge.jar" [locator: {mods folder locator at /workspaces/create-a/servidor_minecraft/mods}, reader: mod manifest]
[29Aug2026 21:20:12.226] [main/INFO] [net.neoforged.fml.loading.moddiscovery.ModDiscoverer/SCAN]: Found mod file "geckolib-neoforge-1.21.1-4.9.2.jar" [locator: {mods folder locator at /workspaces/create-a/servidor_minecraft/mods}, reader: mod manifest]
[29Aug2026 21:20:12.228] [main/INFO] [net.neoforged.fml.loading.moddiscovery.ModDiscoverer/SCAN]: Found mod file "HangGlider-v21.1.0-1.21.1-NeoForge.jar" [locator: {mods folder locator at /workspaces/create-a/servidor_minecraft/mods}, reader: mod manifest]
[29Aug2026 21:20:12.263] [main/INFO] [net.neoforged.fml.loading.moddiscovery.ModDiscoverer/SCAN]: Found mod file "iceandfire-2.1-beta.1.jar" [locator: {mods folder locator at /workspaces/create-a/servidor_minecraft/mods}, reader: mod manifest]
[29Aug2026 21:20:12.265] [main/INFO] [net.neoforged.fml.loading.moddiscovery.ModDiscoverer/SCAN]: Found mod file "immersive_aircraft-1.4.6+1.21.1-neoforge.jar" [locator: {mods folder locator at /workspaces/create-a/servidor_minecraft/mods}, reader: mod manifest]
[29Aug2026 21:20:12.267] [main/INFO] [net.neoforged.fml.loading.moddiscovery.ModDiscoverer/SCAN]: Found mod file "immersive_armors-1.7.6+1.21.1-neoforge.jar" [locator: {mods folder locator at /workspaces/create-a/servidor_minecraft/mods}, reader: mod manifest]
[29Aug2026 21:20:12.269] [main/INFO] [net.neoforged.fml.loading.moddiscovery.ModDiscoverer/SCAN]: Found mod file "immersive_melodies-neoforge-0.7.1+1.21.1.jar" [locator: {mods folder locator at /workspaces/create-a/servidor_minecraft/mods}, reader: mod manifest]
[29Aug2026 21:20:12.271] [main/INFO] [net.neoforged.fml.loading.moddiscovery.ModDiscoverer/SCAN]: Found mod file "immersive_paintings-neoforge-1.21.1-0.7.8.jar" [locator: {mods folder locator at /workspaces/create-a/servidor_minecraft/mods}, reader: mod manifest]
[29Aug2026 21:20:12.273] [main/INFO] [net.neoforged.fml.loading.moddiscovery.ModDiscoverer/SCAN]: Found mod file "interiors-1.21.1-neoforge-0.6.1.jar" [locator: {mods folder locator at /workspaces/create-a/servidor_minecraft/mods}, reader: mod manifest]
[29Aug2026 21:20:12.275] [main/INFO] [net.neoforged.fml.loading.moddiscovery.ModDiscoverer/SCAN]: Found mod file "irons_lib-1.21.1-2.1.0.jar" [locator: {mods folder locator at /workspaces/create-a/servidor_minecraft/mods}, reader: mod manifest]
[29Aug2026 21:20:12.283] [main/INFO] [net.neoforged.fml.loading.moddiscovery.ModDiscoverer/SCAN]: Found mod file "irons_spellbooks-1.21.1-3.16.3.jar" [locator: {mods folder locator at /workspaces/create-a/servidor_minecraft/mods}, reader: mod manifest]
[29Aug2026 21:20:12.284] [main/INFO] [net.neoforged.fml.loading.moddiscovery.ModDiscoverer/SCAN]: Found mod file "Jade-1.21.1-NeoForge-15.10.6.jar" [locator: {mods folder locator at /workspaces/create-a/servidor_minecraft/mods}, reader: mod manifest]
[29Aug2026 21:20:12.285] [main/INFO] [net.neoforged.fml.loading.moddiscovery.ModDiscoverer/SCAN]: Found mod file "JadeAddons-1.21.1-NeoForge-6.0.1.jar" [locator: {mods folder locator at /workspaces/create-a/servidor_minecraft/mods}, reader: mod manifest]
[29Aug2026 21:20:12.287] [main/INFO] [net.neoforged.fml.loading.moddiscovery.ModDiscoverer/SCAN]: Found mod file "jei-1.21.1-neoforge-19.44.0.403.jar" [locator: {mods folder locator at /workspaces/create-a/servidor_minecraft/mods}, reader: mod manifest]
[29Aug2026 21:20:12.289] [main/INFO] [net.neoforged.fml.loading.moddiscovery.ModDiscoverer/SCAN]: Found mod file "jupiter-2.3.7-1.21.1-neoforge.jar" [locator: {mods folder locator at /workspaces/create-a/servidor_minecraft/mods}, reader: mod manifest]
[29Aug2026 21:20:12.291] [main/INFO] [net.neoforged.fml.loading.moddiscovery.ModDiscoverer/SCAN]: Found mod file "just-hammers-neoforge-21.1.4.jar" [locator: {mods folder locator at /workspaces/create-a/servidor_minecraft/mods}, reader: mod manifest]
[29Aug2026 21:20:12.292] [main/INFO] [net.neoforged.fml.loading.moddiscovery.ModDiscoverer/SCAN]: Found library file "kotlinforforge-5.12.0-all.jar" [locator: {mods folder locator at /workspaces/create-a/servidor_minecraft/mods}, reader: mod manifest]
[29Aug2026 21:20:12.295] [main/INFO] [net.neoforged.fml.loading.moddiscovery.ModDiscoverer/SCAN]: Found mod file "lithostitched-1.8.0+beta4-neoforge-21.1.jar" [locator: {mods folder locator at /workspaces/create-a/servidor_minecraft/mods}, reader: mod manifest]
[29Aug2026 21:20:12.297] [main/INFO] [net.neoforged.fml.loading.moddiscovery.ModDiscoverer/SCAN]: Found mod file "man_of_many_planes-0.2.1+1.21.1-neoforge.jar" [locator: {mods folder locator at /workspaces/create-a/servidor_minecraft/mods}, reader: mod manifest]
[29Aug2026 21:20:12.355] [main/INFO] [net.neoforged.fml.loading.moddiscovery.ModDiscoverer/SCAN]: Found mod file "nenus_pop_plushies-2.7.0-neoforge-1.21.1.jar" [locator: {mods folder locator at /workspaces/create-a/servidor_minecraft/mods}, reader: mod manifest]
[29Aug2026 21:20:12.358] [main/INFO] [net.neoforged.fml.loading.moddiscovery.ModDiscoverer/SCAN]: Found mod file "OctoLib-NEOFORGE-0.6.2+1.21.jar" [locator: {mods folder locator at /workspaces/create-a/servidor_minecraft/mods}, reader: mod manifest]
[29Aug2026 21:20:12.359] [main/INFO] [net.neoforged.fml.loading.moddiscovery.ModDiscoverer/SCAN]: Found mod file "owo-lib-neoforge-0.12.15.5-beta.1+1.21.jar" [locator: {mods folder locator at /workspaces/create-a/servidor_minecraft/mods}, reader: mod manifest]
[29Aug2026 21:20:12.361] [main/INFO] [net.neoforged.fml.loading.moddiscovery.ModDiscoverer/SCAN]: Found mod file "Patchouli-1.21.1-93-NEOFORGE.jar" [locator: {mods folder locator at /workspaces/create-a/servidor_minecraft/mods}, reader: mod manifest]
[29Aug2026 21:20:12.363] [main/INFO] [net.neoforged.fml.loading.moddiscovery.ModDiscoverer/SCAN]: Found mod file "pipesnphysics-3.1.0.jar" [locator: {mods folder locator at /workspaces/create-a/servidor_minecraft/mods}, reader: mod manifest]
[29Aug2026 21:20:12.364] [main/INFO] [net.neoforged.fml.loading.moddiscovery.ModDiscoverer/SCAN]: Found mod file "Platform-neoforge-1.21.1-1.3.3.jar" [locator: {mods folder locator at /workspaces/create-a/servidor_minecraft/mods}, reader: mod manifest]
[29Aug2026 21:20:12.365] [main/INFO] [net.neoforged.fml.loading.moddiscovery.ModDiscoverer/SCAN]: Found mod file "player-animation-lib-forge-2.0.4+1.21.1.jar" [locator: {mods folder locator at /workspaces/create-a/servidor_minecraft/mods}, reader: mod manifest]
[29Aug2026 21:20:12.367] [main/INFO] [net.neoforged.fml.loading.moddiscovery.ModDiscoverer/SCAN]: Found mod file "PuzzlesLib-v21.1.52-1.21.1-NeoForge.jar" [locator: {mods folder locator at /workspaces/create-a/servidor_minecraft/mods}, reader: mod manifest]
[29Aug2026 21:20:12.370] [main/INFO] [net.neoforged.fml.loading.moddiscovery.ModDiscoverer/SCAN]: Found mod file "relics-1.21.1-0.10.7.8.jar" [locator: {mods folder locator at /workspaces/create-a/servidor_minecraft/mods}, reader: mod manifest]
[29Aug2026 21:20:12.371] [main/INFO] [net.neoforged.fml.loading.moddiscovery.ModDiscoverer/SCAN]: Found mod file "resourcefullib-neoforge-1.21-3.0.12.jar" [locator: {mods folder locator at /workspaces/create-a/servidor_minecraft/mods}, reader: mod manifest]
[29Aug2026 21:20:12.372] [main/INFO] [net.neoforged.fml.loading.moddiscovery.ModDiscoverer/SCAN]: Found mod file "Ribbits-1.21.1-NeoForge-4.1.6.jar" [locator: {mods folder locator at /workspaces/create-a/servidor_minecraft/mods}, reader: mod manifest]
[29Aug2026 21:20:12.374] [main/INFO] [net.neoforged.fml.loading.moddiscovery.ModDiscoverer/SCAN]: Found mod file "ritchiesprojectilelib-2.1.2+mc.1.21.1-neoforge.jar" [locator: {mods folder locator at /workspaces/create-a/servidor_minecraft/mods}, reader: mod manifest]
[29Aug2026 21:20:12.376] [main/INFO] [net.neoforged.fml.loading.moddiscovery.ModDiscoverer/SCAN]: Found mod file "sable-neoforge-1.21.1-2.0.5.jar" [locator: {mods folder locator at /workspaces/create-a/servidor_minecraft/mods}, reader: mod manifest]
[29Aug2026 21:20:12.378] [main/INFO] [net.neoforged.fml.loading.moddiscovery.ModDiscoverer/SCAN]: Found mod file "SableStuffAdditionsCompat v1.0.3-1.21.1.jar" [locator: {mods folder locator at /workspaces/create-a/servidor_minecraft/mods}, reader: mod manifest]
[29Aug2026 21:20:12.381] [main/INFO] [net.neoforged.fml.loading.moddiscovery.ModDiscoverer/SCAN]: Found mod file "simplyswords-neoforge-1.70.1-1.21.1.jar" [locator: {mods folder locator at /workspaces/create-a/servidor_minecraft/mods}, reader: mod manifest]
[29Aug2026 21:20:12.382] [main/INFO] [net.neoforged.fml.loading.moddiscovery.ModDiscoverer/SCAN]: Found mod file "SimplyTooltips-neoforge-0.1.5.jar" [locator: {mods folder locator at /workspaces/create-a/servidor_minecraft/mods}, reader: mod manifest]
[29Aug2026 21:20:12.447] [main/INFO] [net.neoforged.fml.loading.moddiscovery.ModDiscoverer/SCAN]: Found mod file "simulatedcoasters-0.1.5.jar" [locator: {mods folder locator at /workspaces/create-a/servidor_minecraft/mods}, reader: mod manifest]
[29Aug2026 21:20:12.448] [main/INFO] [net.neoforged.fml.loading.moddiscovery.ModDiscoverer/SCAN]: Found mod file "skinrestorer-2.10.0+1.21-neoforge.jar" [locator: {mods folder locator at /workspaces/create-a/servidor_minecraft/mods}, reader: mod manifest]
[29Aug2026 21:20:12.451] [main/INFO] [net.neoforged.fml.loading.moddiscovery.ModDiscoverer/SCAN]: Found mod file "sliceanddice-4.3.3-neoforge.jar" [locator: {mods folder locator at /workspaces/create-a/servidor_minecraft/mods}, reader: mod manifest]
[29Aug2026 21:20:12.453] [main/INFO] [net.neoforged.fml.loading.moddiscovery.ModDiscoverer/SCAN]: Found mod file "sophisticatedbackpacks-1.21.1-3.25.78.2107.jar" [locator: {mods folder locator at /workspaces/create-a/servidor_minecraft/mods}, reader: mod manifest]
[29Aug2026 21:20:12.456] [main/INFO] [net.neoforged.fml.loading.moddiscovery.ModDiscoverer/SCAN]: Found mod file "sophisticatedcore-1.21.1-1.4.90.2299.jar" [locator: {mods folder locator at /workspaces/create-a/servidor_minecraft/mods}, reader: mod manifest]
[29Aug2026 21:20:12.458] [main/INFO] [net.neoforged.fml.loading.moddiscovery.ModDiscoverer/SCAN]: Found gamelibrary file "struts-1.3.0.jar" [locator: {mods folder locator at /workspaces/create-a/servidor_minecraft/mods}, reader: mod manifest]
[29Aug2026 21:20:12.460] [main/INFO] [net.neoforged.fml.loading.moddiscovery.ModDiscoverer/SCAN]: Found mod file "trading_floor-3.0.16.jar" [locator: {mods folder locator at /workspaces/create-a/servidor_minecraft/mods}, reader: mod manifest]
[29Aug2026 21:20:12.462] [main/INFO] [net.neoforged.fml.loading.moddiscovery.ModDiscoverer/SCAN]: Found mod file "uranus-2.4.1-1.21.1-neoforge.jar" [locator: {mods folder locator at /workspaces/create-a/servidor_minecraft/mods}, reader: mod manifest]
[29Aug2026 21:20:12.466] [main/INFO] [net.neoforged.fml.loading.moddiscovery.ModDiscoverer/SCAN]: Found mod file "VanillaBackport-neoforge-1.21.1-1.1.7.10.jar" [locator: {mods folder locator at /workspaces/create-a/servidor_minecraft/mods}, reader: mod manifest]
[29Aug2026 21:20:12.468] [main/INFO] [net.neoforged.fml.loading.moddiscovery.ModDiscoverer/SCAN]: Found mod file "waystones-neoforge-1.21.1-21.1.41.jar" [locator: {mods folder locator at /workspaces/create-a/servidor_minecraft/mods}, reader: mod manifest]
[29Aug2026 21:20:12.469] [main/INFO] [net.neoforged.fml.loading.moddiscovery.ModDiscoverer/SCAN]: Found mod file "waystonessable-1.0.7.jar" [locator: {mods folder locator at /workspaces/create-a/servidor_minecraft/mods}, reader: mod manifest]
[29Aug2026 21:20:12.470] [main/WARN] [net.neoforged.fml.loading.moddiscovery.ModDiscoverer/SCAN]: Skipping jar. File /workspaces/create-a/servidor_minecraft/mods/worldweaver-21.0.13.jar is a Fabric mod and cannot be loaded
[29Aug2026 21:20:12.472] [main/INFO] [net.neoforged.fml.loading.moddiscovery.ModDiscoverer/SCAN]: Found mod file "xaerominimap-neoforge-1.21.1-26.4.2.jar" [locator: {mods folder locator at /workspaces/create-a/servidor_minecraft/mods}, reader: mod manifest]
[29Aug2026 21:20:12.474] [main/INFO] [net.neoforged.fml.loading.moddiscovery.ModDiscoverer/SCAN]: Found mod file "xaeroworldmap-neoforge-1.21.1-1.45.0.jar" [locator: {mods folder locator at /workspaces/create-a/servidor_minecraft/mods}, reader: mod manifest]
[29Aug2026 21:20:12.475] [main/INFO] [net.neoforged.fml.loading.moddiscovery.ModDiscoverer/SCAN]: Found mod file "YungsApi-1.21.1-NeoForge-5.1.8.jar" [locator: {mods folder locator at /workspaces/create-a/servidor_minecraft/mods}, reader: mod manifest]
[29Aug2026 21:20:17.716] [main/WARN] [net.neoforged.jarjar.selection.JarSelector/]: Attempted to select a dependency jar for JarJar which was passed in as source: library:net.fabricmc.loader. Using Mod File: /~nonexistent
[29Aug2026 21:20:17.716] [main/WARN] [net.neoforged.jarjar.selection.JarSelector/]: Attempted to select a dependency jar for JarJar which was passed in as source: accessories. Using Mod File: /workspaces/create-a/servidor_minecraft/mods/accessories-neoforge-1.1.0-beta.53+1.21.1.jar
[29Aug2026 21:20:17.716] [main/WARN] [net.neoforged.jarjar.selection.JarSelector/]: Attempted to select a dependency jar for JarJar which was passed in as source: architectury. Using Mod File: /workspaces/create-a/servidor_minecraft/mods/architectury-13.0.11-neoforge.jar
[29Aug2026 21:20:17.716] [main/INFO] [net.neoforged.fml.loading.moddiscovery.locators.JarInJarDependencyLocator/]: Found 107 dependencies adding them to mods collection
[29Aug2026 21:20:17.717] [main/INFO] [net.neoforged.fml.loading.moddiscovery.ModDiscoverer/SCAN]: Found mod file "atmosphere-1.21.1-neoforge-1.0.17.jar" [parent: sliceanddice-4.3.3-neoforge.jar, locator: jarinjar, reader: mod manifest]
[29Aug2026 21:20:17.717] [main/INFO] [net.neoforged.fml.loading.moddiscovery.ModDiscoverer/SCAN]: Found mod file "kuma-api-neoforge-21.0.8+1.21.jar" [parent: balm-neoforge-1.21.1-21.0.65.jar, locator: jarinjar, reader: mod manifest]
[29Aug2026 21:20:17.717] [main/INFO] [net.neoforged.fml.loading.moddiscovery.ModDiscoverer/SCAN]: Found mod file "fabric-renderer-api-v1-3.4.1+9125b6dc19.jar" [parent: forgified-fabric-api-0.116.15+2.3.5+1.21.1.jar, locator: jarinjar, reader: mod manifest]
[29Aug2026 21:20:17.717] [main/INFO] [net.neoforged.fml.loading.moddiscovery.ModDiscoverer/SCAN]: Found library file "glsl-processor-0.2.3.jar" [parent: veil-neoforge-1.21.1-4.3.2.jar, locator: jarinjar]
[29Aug2026 21:20:17.717] [main/INFO] [net.neoforged.fml.loading.moddiscovery.ModDiscoverer/SCAN]: Found mod file "ponder-neoforge-1.0.82+mc1.21.1.jar" [parent: create-1.21.1-6.0.10.jar, locator: jarinjar, reader: mod manifest]
[29Aug2026 21:20:17.717] [main/INFO] [net.neoforged.fml.loading.moddiscovery.ModDiscoverer/SCAN]: Found mod file "fabric-item-api-v1-11.3.0+b24c12f719.jar" [parent: forgified-fabric-api-0.116.15+2.3.5+1.21.1.jar, locator: jarinjar, reader: mod manifest]
[29Aug2026 21:20:17.717] [main/INFO] [net.neoforged.fml.loading.moddiscovery.ModDiscoverer/SCAN]: Found mod file "kubejs-bridge-1.12.1+1.21.1.jar" [parent: ConnectorExtras-1.12.1+1.21.1.jar, locator: jarinjar, reader: mod manifest]
[29Aug2026 21:20:17.717] [main/INFO] [net.neoforged.fml.loading.moddiscovery.ModDiscoverer/SCAN]: Found mod file "modmenu-bridge-1.12.1+1.21.1.jar" [parent: ConnectorExtras-1.12.1+1.21.1.jar, locator: jarinjar, reader: mod manifest]
[29Aug2026 21:20:17.717] [main/INFO] [net.neoforged.fml.loading.moddiscovery.ModDiscoverer/SCAN]: Found mod file "fabric-rendering-fluids-v1-3.1.6+ddc51b4719.jar" [parent: forgified-fabric-api-0.116.15+2.3.5+1.21.1.jar, locator: jarinjar, reader: mod manifest]
[29Aug2026 21:20:17.717] [main/INFO] [net.neoforged.fml.loading.moddiscovery.ModDiscoverer/SCAN]: Found mod file "apollib-1.2.0-neoforge-21.1.jar" [parent: lithostitched-1.8.0+beta4-neoforge-21.1.jar, locator: jarinjar, reader: mod manifest]
[29Aug2026 21:20:17.718] [main/INFO] [net.neoforged.fml.loading.moddiscovery.ModDiscoverer/SCAN]: Found library file "netty-0.1.4.1.jar" [parent: owo-lib-neoforge-0.12.15.5-beta.1+1.21.jar, locator: jarinjar]
[29Aug2026 21:20:17.718] [main/INFO] [net.neoforged.fml.loading.moddiscovery.ModDiscoverer/SCAN]: Found mod file "fabric-convention-tags-v1-2.1.7+7f945d5b19.jar" [parent: forgified-fabric-api-0.116.15+2.3.5+1.21.1.jar, locator: jarinjar, reader: mod manifest]
[29Aug2026 21:20:17.718] [main/INFO] [net.neoforged.fml.loading.moddiscovery.ModDiscoverer/SCAN]: Found library file "kotlinx-coroutines-core-jvm-1.11.0.jar" [parent: kotlinforforge-5.12.0-all.jar, locator: jarinjar]
[29Aug2026 21:20:17.718] [main/INFO] [net.neoforged.fml.loading.moddiscovery.ModDiscoverer/SCAN]: Found library file "endec-0.1.8.1.jar" [parent: owo-lib-neoforge-0.12.15.5-beta.1+1.21.jar, locator: jarinjar]
[29Aug2026 21:20:17.718] [main/INFO] [net.neoforged.fml.loading.moddiscovery.ModDiscoverer/SCAN]: Found mod file "fabric-block-view-api-v2-1.0.11+e9036fd419.jar" [parent: forgified-fabric-api-0.116.15+2.3.5+1.21.1.jar, locator: jarinjar, reader: mod manifest]
[29Aug2026 21:20:17.718] [main/INFO] [net.neoforged.fml.loading.moddiscovery.ModDiscoverer/SCAN]: Found mod file "fabric-command-api-v2-2.2.28+36d727be19.jar" [parent: forgified-fabric-api-0.116.15+2.3.5+1.21.1.jar, locator: jarinjar, reader: mod manifest]
[29Aug2026 21:20:17.718] [main/INFO] [net.neoforged.fml.loading.moddiscovery.ModDiscoverer/SCAN]: Found mod file "fabric-convention-tags-v2-2.12.0+75d3639619.jar" [parent: forgified-fabric-api-0.116.15+2.3.5+1.21.1.jar, locator: jarinjar, reader: mod manifest]
[29Aug2026 21:20:17.718] [main/INFO] [net.neoforged.fml.loading.moddiscovery.ModDiscoverer/SCAN]: Found mod file "fabric-data-attachment-api-v1-1.4.7+26d408aa19.jar" [parent: forgified-fabric-api-0.116.15+2.3.5+1.21.1.jar, locator: jarinjar, reader: mod manifest]
[29Aug2026 21:20:17.718] [main/INFO] [net.neoforged.fml.loading.moddiscovery.ModDiscoverer/SCAN]: Found mod file "tiny-config-3.1.0-neoforge.jar" [parent: bettercombat-neoforge-2.4.0+1.21.1.jar, locator: jarinjar, reader: mod manifest]
[29Aug2026 21:20:17.718] [main/INFO] [net.neoforged.fml.loading.moddiscovery.ModDiscoverer/SCAN]: Found mod file "rei-bridge-1.12.1+1.21.1.jar" [parent: ConnectorExtras-1.12.1+1.21.1.jar, locator: jarinjar, reader: mod manifest]
[29Aug2026 21:20:17.718] [main/INFO] [net.neoforged.fml.loading.moddiscovery.ModDiscoverer/SCAN]: Found mod file "veil-neoforge-1.21.1-4.3.2.jar" [parent: sable-neoforge-1.21.1-2.0.5.jar, locator: jarinjar, reader: mod manifest]
[29Aug2026 21:20:17.718] [main/INFO] [net.neoforged.fml.loading.moddiscovery.ModDiscoverer/SCAN]: Found mod file "dev.simulated_team.simulated.simulated-neoforge-1.21.1-1.3.1.jar" [parent: create-aeronautics-bundled-1.21.1-1.3.1.jar, locator: jarinjar, reader: mod manifest]
[29Aug2026 21:20:17.719] [main/INFO] [net.neoforged.fml.loading.moddiscovery.ModDiscoverer/SCAN]: Found library file "kotlin-stdlib-jdk7-2.4.0.jar" [parent: kotlinforforge-5.12.0-all.jar, locator: jarinjar]
[29Aug2026 21:20:17.719] [main/INFO] [net.neoforged.fml.loading.moddiscovery.ModDiscoverer/SCAN]: Found library file "kotlin-stdlib-jdk8-2.4.0.jar" [parent: kotlinforforge-5.12.0-all.jar, locator: jarinjar]
[29Aug2026 21:20:17.719] [main/INFO] [net.neoforged.fml.loading.moddiscovery.ModDiscoverer/SCAN]: Found mod file "fabric-screen-api-v1-2.0.26+9991ca2f19.jar" [parent: forgified-fabric-api-0.116.15+2.3.5+1.21.1.jar, locator: jarinjar, reader: mod manifest]
[29Aug2026 21:20:17.719] [main/INFO] [net.neoforged.fml.loading.moddiscovery.ModDiscoverer/SCAN]: Found library file "kotlinx-serialization-json-jvm-1.11.0.jar" [parent: kotlinforforge-5.12.0-all.jar, locator: jarinjar]
[29Aug2026 21:20:17.719] [main/INFO] [net.neoforged.fml.loading.moddiscovery.ModDiscoverer/SCAN]: Found library file "bytecodecs-1.1.2.jar" [parent: resourcefullib-neoforge-1.21-3.0.12.jar, locator: jarinjar]
[29Aug2026 21:20:17.719] [main/INFO] [net.neoforged.fml.loading.moddiscovery.ModDiscoverer/SCAN]: Found mod file "integration-neoforge-0.2.jar" [parent: iceandfire-2.1-beta.1.jar, locator: jarinjar, reader: mod manifest]
[29Aug2026 21:20:17.719] [main/INFO] [net.neoforged.fml.loading.moddiscovery.ModDiscoverer/SCAN]: Found mod file "fabric-content-registries-v0-8.0.19+5e0d320019.jar" [parent: forgified-fabric-api-0.116.15+2.3.5+1.21.1.jar, locator: jarinjar, reader: mod manifest]
[29Aug2026 21:20:17.719] [main/INFO] [net.neoforged.fml.loading.moddiscovery.ModDiscoverer/SCAN]: Found mod file "terrablender-bridge-1.12.1+1.21.1.jar" [parent: ConnectorExtras-1.12.1+1.21.1.jar, locator: jarinjar, reader: mod manifest]
[29Aug2026 21:20:17.719] [main/INFO] [net.neoforged.fml.loading.moddiscovery.ModDiscoverer/SCAN]: Found library file "exp4j-0.4.8.jar" [parent: extra_gauges-2.1.2.jar, locator: jarinjar]
[29Aug2026 21:20:17.719] [main/INFO] [net.neoforged.fml.loading.moddiscovery.ModDiscoverer/SCAN]: Found library file "snakeyaml-2.2.jar" [parent: OctoLib-NEOFORGE-0.6.2+1.21.jar, locator: jarinjar]
[29Aug2026 21:20:17.719] [main/INFO] [net.neoforged.fml.loading.moddiscovery.ModDiscoverer/SCAN]: Found gamelibrary file "mixinextras-neoforge-0.5.3.jar" [parent: neoforge-21.1.248-universal.jar, locator: jarinjar, reader: mod manifest]
[29Aug2026 21:20:17.720] [main/INFO] [net.neoforged.fml.loading.moddiscovery.ModDiscoverer/SCAN]: Found mod file "fabric-game-rule-api-v1-1.0.53+36d727be19.jar" [parent: forgified-fabric-api-0.116.15+2.3.5+1.21.1.jar, locator: jarinjar, reader: mod manifest]
[29Aug2026 21:20:17.720] [main/INFO] [net.neoforged.fml.loading.moddiscovery.ModDiscoverer/SCAN]: Found library file "java-client-3.4.0.jar" [parent: skinrestorer-2.10.0+1.21-neoforge.jar, locator: jarinjar]
[29Aug2026 21:20:17.720] [main/INFO] [net.neoforged.fml.loading.moddiscovery.ModDiscoverer/SCAN]: Found mod file "fabric-api-lookup-api-v1-1.6.72+6244b11119.jar" [parent: forgified-fabric-api-0.116.15+2.3.5+1.21.1.jar, locator: jarinjar, reader: mod manifest]
[29Aug2026 21:20:17.720] [main/INFO] [net.neoforged.fml.loading.moddiscovery.ModDiscoverer/SCAN]: Found gamelibrary file "dev.ryanhcode.sable.sable-sable_rapier-1.21.1-2.0.5.jar" [parent: sable-neoforge-1.21.1-2.0.5.jar, locator: jarinjar, reader: mod manifest]
[29Aug2026 21:20:17.720] [main/INFO] [net.neoforged.fml.loading.moddiscovery.ModDiscoverer/SCAN]: Found library file "kotlin-stdlib-2.4.0.jar" [parent: kotlinforforge-5.12.0-all.jar, locator: jarinjar]
[29Aug2026 21:20:17.720] [main/INFO] [net.neoforged.fml.loading.moddiscovery.ModDiscoverer/SCAN]: Found library file "tomlkt-jvm-0.3.7.jar" [parent: fzzy_config-0.7.6+1.21+neoforge.jar, locator: jarinjar]
[29Aug2026 21:20:17.720] [main/INFO] [net.neoforged.fml.loading.moddiscovery.ModDiscoverer/SCAN]: Found mod file "fabric-entity-events-v1-1.8.0+e46a02ca19.jar" [parent: forgified-fabric-api-0.116.15+2.3.5+1.21.1.jar, locator: jarinjar, reader: mod manifest]
[29Aug2026 21:20:17.720] [main/INFO] [net.neoforged.fml.loading.moddiscovery.ModDiscoverer/SCAN]: Found library file "MathParser.org-mXparser-5.2.1.jar" [parent: immersive_aircraft-1.4.6+1.21.1-neoforge.jar, locator: jarinjar]
[29Aug2026 21:20:17.720] [main/INFO] [net.neoforged.fml.loading.moddiscovery.ModDiscoverer/SCAN]: Found mod file "cumulus_menus-1.21.1-2.0.7-neoforge.jar" [parent: aether-1.21.1-1.5.10-neoforge.jar, locator: jarinjar, reader: mod manifest]
[29Aug2026 21:20:17.720] [main/INFO] [net.neoforged.fml.loading.moddiscovery.ModDiscoverer/SCAN]: Found mod file "fabric-loot-api-v2-3.0.15+a3ee712d19.jar" [parent: forgified-fabric-api-0.116.15+2.3.5+1.21.1.jar, locator: jarinjar, reader: mod manifest]
[29Aug2026 21:20:17.720] [main/INFO] [net.neoforged.fml.loading.moddiscovery.ModDiscoverer/SCAN]: Found mod file "conditional-mixin-neoforge-0.6.4.jar" [parent: create-enchantment-industry-2.5.3.jar, locator: jarinjar, reader: mod manifest]
[29Aug2026 21:20:17.721] [main/INFO] [net.neoforged.fml.loading.moddiscovery.ModDiscoverer/SCAN]: Found mod file "fabric-loot-api-v3-1.0.3+333dfad919.jar" [parent: forgified-fabric-api-0.116.15+2.3.5+1.21.1.jar, locator: jarinjar, reader: mod manifest]
[29Aug2026 21:20:17.721] [main/INFO] [net.neoforged.fml.loading.moddiscovery.ModDiscoverer/SCAN]: Found mod file "fabric-rendering-data-attachment-v1-0.3.49+73761d2e19.jar" [parent: forgified-fabric-api-0.116.15+2.3.5+1.21.1.jar, locator: jarinjar, reader: mod manifest]
[29Aug2026 21:20:17.721] [main/INFO] [net.neoforged.fml.loading.moddiscovery.ModDiscoverer/SCAN]: Found mod file "flightlib-1.21.1-neoforge-4.0.36.jar" [parent: create_jetpack-forge-5.2.1.jar, locator: jarinjar, reader: mod manifest]
[29Aug2026 21:20:17.721] [main/INFO] [net.neoforged.fml.loading.moddiscovery.ModDiscoverer/SCAN]: Found library file "imageio-webp-3.12.0.jar" [parent: immersive_paintings-neoforge-1.21.1-0.7.8.jar, locator: jarinjar]
[29Aug2026 21:20:17.721] [main/INFO] [net.neoforged.fml.loading.moddiscovery.ModDiscoverer/SCAN]: Found mod file "nitrogen_internals-1.21.1-1.1.25-neoforge.jar" [parent: aether-1.21.1-1.5.10-neoforge.jar, locator: jarinjar, reader: mod manifest]
[29Aug2026 21:20:17.721] [main/INFO] [net.neoforged.fml.loading.moddiscovery.ModDiscoverer/SCAN]: Found mod file "fabric-networking-api-v1-4.3.1+7e3d421f19.jar" [parent: forgified-fabric-api-0.116.15+2.3.5+1.21.1.jar, locator: jarinjar, reader: mod manifest]
[29Aug2026 21:20:17.721] [main/INFO] [net.neoforged.fml.loading.moddiscovery.ModDiscoverer/SCAN]: Found library file "kotlinx-serialization-core-jvm-1.11.0.jar" [parent: kotlinforforge-5.12.0-all.jar, locator: jarinjar]
[29Aug2026 21:20:17.721] [main/INFO] [net.neoforged.fml.loading.moddiscovery.ModDiscoverer/SCAN]: Found gamelibrary file "Registrate-MC1.21-1.3.0+67.jar" [parent: create-1.21.1-6.0.10.jar, locator: jarinjar, reader: mod manifest]
[29Aug2026 21:20:17.721] [main/INFO] [net.neoforged.fml.loading.moddiscovery.ModDiscoverer/SCAN]: Found mod file "fabric-lifecycle-events-v1-2.6.0+e40d8add19.jar" [parent: forgified-fabric-api-0.116.15+2.3.5+1.21.1.jar, locator: jarinjar, reader: mod manifest]
[29Aug2026 21:20:17.721] [main/INFO] [net.neoforged.fml.loading.moddiscovery.ModDiscoverer/SCAN]: Found library file "imageio-core-3.12.0.jar" [parent: immersive_paintings-neoforge-1.21.1-0.7.8.jar, locator: jarinjar]
[29Aug2026 21:20:17.721] [main/INFO] [net.neoforged.fml.loading.moddiscovery.ModDiscoverer/SCAN]: Found mod file "fabric-key-binding-api-v1-1.0.47+62cc7ce119.jar" [parent: forgified-fabric-api-0.116.15+2.3.5+1.21.1.jar, locator: jarinjar, reader: mod manifest]
[29Aug2026 21:20:17.721] [main/INFO] [net.neoforged.fml.loading.moddiscovery.ModDiscoverer/SCAN]: Found mod file "fabric-client-tags-api-v1-1.2.0+5adff2d719.jar" [parent: forgified-fabric-api-0.116.15+2.3.5+1.21.1.jar, locator: jarinjar, reader: mod manifest]
[29Aug2026 21:20:17.722] [main/INFO] [net.neoforged.fml.loading.moddiscovery.ModDiscoverer/SCAN]: Found mod file "fabric-transfer-api-v1-5.4.4+6244b11119.jar" [parent: forgified-fabric-api-0.116.15+2.3.5+1.21.1.jar, locator: jarinjar, reader: mod manifest]
[29Aug2026 21:20:17.722] [main/INFO] [net.neoforged.fml.loading.moddiscovery.ModDiscoverer/SCAN]: Found mod file "compat_manager-1.21.1-1.0.7.jar" [parent: deployer-0.1.2.jar, locator: jarinjar, reader: mod manifest]
[29Aug2026 21:20:17.722] [main/INFO] [net.neoforged.fml.loading.moddiscovery.ModDiscoverer/SCAN]: Found library file "jankson-0.1.5.1.jar" [parent: owo-lib-neoforge-0.12.15.5-beta.1+1.21.jar, locator: jarinjar]
[29Aug2026 21:20:17.722] [main/INFO] [net.neoforged.fml.loading.moddiscovery.ModDiscoverer/SCAN]: Found library file "json5-java-3.0.0.jar" [parent: apollib-1.2.0-neoforge-21.1.jar, locator: jarinjar]
[29Aug2026 21:20:17.722] [main/INFO] [net.neoforged.fml.loading.moddiscovery.ModDiscoverer/SCAN]: Found mod file "fabric-model-loading-api-v1-2.1.0+6e8f52c719.jar" [parent: forgified-fabric-api-0.116.15+2.3.5+1.21.1.jar, locator: jarinjar, reader: mod manifest]
[29Aug2026 21:20:17.722] [main/INFO] [net.neoforged.fml.loading.moddiscovery.ModDiscoverer/SCAN]: Found library file "net.neoforged.neoforge-coremods-21.1.248.jar" [parent: neoforge-21.1.248-universal.jar, locator: jarinjar, reader: mod manifest]
[29Aug2026 21:20:17.722] [main/INFO] [net.neoforged.fml.loading.moddiscovery.ModDiscoverer/SCAN]: Found mod file "dev.eriksonn.aeronautics.aeronautics-neoforge-1.21.1-1.3.1.jar" [parent: create-aeronautics-bundled-1.21.1-1.3.1.jar, locator: jarinjar, reader: mod manifest]
[29Aug2026 21:20:17.722] [main/INFO] [net.neoforged.fml.loading.moddiscovery.ModDiscoverer/SCAN]: Found mod file "pehkui-bridge-1.12.1+1.21.1.jar" [parent: ConnectorExtras-1.12.1+1.21.1.jar, locator: jarinjar, reader: mod manifest]
[29Aug2026 21:20:17.722] [main/INFO] [net.neoforged.fml.loading.moddiscovery.ModDiscoverer/SCAN]: Found mod file "xaerolib-neoforge-1.21.1-1.7.1.jar" [parent: xaerominimap-neoforge-1.21.1-26.4.2.jar, locator: jarinjar, reader: mod manifest]
[29Aug2026 21:20:17.722] [main/INFO] [net.neoforged.fml.loading.moddiscovery.ModDiscoverer/SCAN]: Found mod file "fabric-screen-handler-api-v1-1.3.91+8dbc56dd19.jar" [parent: forgified-fabric-api-0.116.15+2.3.5+1.21.1.jar, locator: jarinjar, reader: mod manifest]
[29Aug2026 21:20:17.722] [main/INFO] [net.neoforged.fml.loading.moddiscovery.ModDiscoverer/SCAN]: Found mod file "fabric-resource-loader-v0-1.3.1+4ea8954419.jar" [parent: forgified-fabric-api-0.116.15+2.3.5+1.21.1.jar, locator: jarinjar, reader: mod manifest]
[29Aug2026 21:20:17.722] [main/INFO] [net.neoforged.fml.loading.moddiscovery.ModDiscoverer/SCAN]: Found mod file "fabric-rendering-v1-5.1.0+1a09bd5a19.jar" [parent: forgified-fabric-api-0.116.15+2.3.5+1.21.1.jar, locator: jarinjar, reader: mod manifest]
[29Aug2026 21:20:17.722] [main/INFO] [net.neoforged.fml.loading.moddiscovery.ModDiscoverer/SCAN]: Found mod file "fabric-renderer-indigo-1.7.1+9125b6dc19.jar" [parent: forgified-fabric-api-0.116.15+2.3.5+1.21.1.jar, locator: jarinjar, reader: mod manifest]
[29Aug2026 21:20:17.723] [main/INFO] [net.neoforged.fml.loading.moddiscovery.ModDiscoverer/SCAN]: Found library file "yabn-1.0.3.jar" [parent: resourcefullib-neoforge-1.21-3.0.12.jar, locator: jarinjar]
[29Aug2026 21:20:17.723] [main/INFO] [net.neoforged.fml.loading.moddiscovery.ModDiscoverer/SCAN]: Found library file "kotlinx-coroutines-jdk8-1.11.0.jar" [parent: kotlinforforge-5.12.0-all.jar, locator: jarinjar]
[29Aug2026 21:20:17.723] [main/INFO] [net.neoforged.fml.loading.moddiscovery.ModDiscoverer/SCAN]: Found library file "extras-utils-1.12.1+1.21.1.jar" [parent: ConnectorExtras-1.12.1+1.21.1.jar, locator: jarinjar, reader: mod manifest]
[29Aug2026 21:20:17.723] [main/INFO] [net.neoforged.fml.loading.moddiscovery.ModDiscoverer/SCAN]: Found library file "molang-compiler-3.1.1.19.jar" [parent: veil-neoforge-1.21.1-4.3.2.jar, locator: jarinjar]
[29Aug2026 21:20:17.723] [main/INFO] [net.neoforged.fml.loading.moddiscovery.ModDiscoverer/SCAN]: Found mod file "energy-bridge-1.12.1+1.21.1.jar" [parent: ConnectorExtras-1.12.1+1.21.1.jar, locator: jarinjar, reader: mod manifest]
[29Aug2026 21:20:17.723] [main/INFO] [net.neoforged.fml.loading.moddiscovery.ModDiscoverer/SCAN]: Found mod file "fabric-particles-v1-4.0.2+824f924c19.jar" [parent: forgified-fabric-api-0.116.15+2.3.5+1.21.1.jar, locator: jarinjar, reader: mod manifest]
[29Aug2026 21:20:17.723] [main/INFO] [net.neoforged.fml.loading.moddiscovery.ModDiscoverer/SCAN]: Found library file "common-image-3.12.0.jar" [parent: immersive_paintings-neoforge-1.21.1-0.7.8.jar, locator: jarinjar]
[29Aug2026 21:20:17.723] [main/INFO] [net.neoforged.fml.loading.moddiscovery.ModDiscoverer/SCAN]: Found mod file "fabric-transitive-access-wideners-v1-6.2.0+6c854b6f19.jar" [parent: forgified-fabric-api-0.116.15+2.3.5+1.21.1.jar, locator: jarinjar, reader: mod manifest]
[29Aug2026 21:20:17.723] [main/INFO] [net.neoforged.fml.loading.moddiscovery.ModDiscoverer/SCAN]: Found mod file "dev.ryanhcode.offroad.offroad-neoforge-1.21.1-1.3.1.jar" [parent: create-aeronautics-bundled-1.21.1-1.3.1.jar, locator: jarinjar, reader: mod manifest]
[29Aug2026 21:20:17.723] [main/INFO] [net.neoforged.fml.loading.moddiscovery.ModDiscoverer/SCAN]: Found library file "jankson-1.2.3.jar" [parent: fzzy_config-0.7.6+1.21+neoforge.jar, locator: jarinjar]
[29Aug2026 21:20:17.723] [main/INFO] [net.neoforged.fml.loading.moddiscovery.ModDiscoverer/SCAN]: Found library file "gson-0.1.5.1.jar" [parent: owo-lib-neoforge-0.12.15.5-beta.1+1.21.jar, locator: jarinjar]
[29Aug2026 21:20:17.723] [main/INFO] [net.neoforged.fml.loading.moddiscovery.ModDiscoverer/SCAN]: Found mod file "fabric-api-base-0.4.42+d1308dedd1.jar" [parent: owo-lib-neoforge-0.12.15.5-beta.1+1.21.jar, locator: jarinjar, reader: mod manifest]
[29Aug2026 21:20:17.723] [main/INFO] [net.neoforged.fml.loading.moddiscovery.ModDiscoverer/SCAN]: Found mod file "fabric-renderer-registries-v1-3.2.69+df3654b319.jar" [parent: forgified-fabric-api-0.116.15+2.3.5+1.21.1.jar, locator: jarinjar, reader: mod manifest]
[29Aug2026 21:20:17.724] [main/INFO] [net.neoforged.fml.loading.moddiscovery.ModDiscoverer/SCAN]: Found mod file "fabric-blockrenderlayer-v1-1.1.52+c290471319.jar" [parent: forgified-fabric-api-0.116.15+2.3.5+1.21.1.jar, locator: jarinjar, reader: mod manifest]
[29Aug2026 21:20:17.724] [main/INFO] [net.neoforged.fml.loading.moddiscovery.ModDiscoverer/SCAN]: Found library file "thedarkcolour.kfflang-5.12.0.jar" [parent: kotlinforforge-5.12.0-all.jar, locator: jarinjar, reader: mod manifest]
[29Aug2026 21:20:17.724] [main/INFO] [net.neoforged.fml.loading.moddiscovery.ModDiscoverer/SCAN]: Found mod file "fabric-block-api-v1-1.1.0+b0c22bb819.jar" [parent: forgified-fabric-api-0.116.15+2.3.5+1.21.1.jar, locator: jarinjar, reader: mod manifest]
[29Aug2026 21:20:17.724] [main/INFO] [net.neoforged.fml.loading.moddiscovery.ModDiscoverer/SCAN]: Found mod file "spectrelib-neoforge-0.17.2+1.21.jar" [parent: comforts-neoforge-9.0.5+1.21.1.jar, locator: jarinjar, reader: mod manifest]
[29Aug2026 21:20:17.724] [main/INFO] [net.neoforged.fml.loading.moddiscovery.ModDiscoverer/SCAN]: Found mod file "jei-bridge-1.12.1+1.21.1.jar" [parent: ConnectorExtras-1.12.1+1.21.1.jar, locator: jarinjar, reader: mod manifest]
[29Aug2026 21:20:17.724] [main/INFO] [net.neoforged.fml.loading.moddiscovery.ModDiscoverer/SCAN]: Found gamelibrary file "thedarkcolour.kfflib-5.12.0.jar" [parent: kotlinforforge-5.12.0-all.jar, locator: jarinjar, reader: mod manifest]
[29Aug2026 21:20:17.724] [main/INFO] [net.neoforged.fml.loading.moddiscovery.ModDiscoverer/SCAN]: Found mod file "fabric-resource-conditions-api-v1-4.3.0+5bdd099819.jar" [parent: forgified-fabric-api-0.116.15+2.3.5+1.21.1.jar, locator: jarinjar, reader: mod manifest]
[29Aug2026 21:20:17.724] [main/INFO] [net.neoforged.fml.loading.moddiscovery.ModDiscoverer/SCAN]: Found mod file "thedarkcolour.kffmod-5.12.0.jar" [parent: kotlinforforge-5.12.0-all.jar, locator: jarinjar, reader: mod manifest]
[29Aug2026 21:20:17.724] [main/INFO] [net.neoforged.fml.loading.moddiscovery.ModDiscoverer/SCAN]: Found library file "kotlin-reflect-2.4.0.jar" [parent: kotlinforforge-5.12.0-all.jar, locator: jarinjar]
[29Aug2026 21:20:17.724] [main/INFO] [net.neoforged.fml.loading.moddiscovery.ModDiscoverer/SCAN]: Found mod file "sable-companion-common-1.21.1-1.6.0.jar" [parent: sliceanddice-4.3.3-neoforge.jar, locator: jarinjar, reader: mod manifest]
[29Aug2026 21:20:17.724] [main/INFO] [net.neoforged.fml.loading.moddiscovery.ModDiscoverer/SCAN]: Found mod file "flywheel-neoforge-1.21.1-1.0.6.jar" [parent: create-1.21.1-6.0.10.jar, locator: jarinjar, reader: mod manifest]
[29Aug2026 21:20:17.724] [main/INFO] [net.neoforged.fml.loading.moddiscovery.ModDiscoverer/SCAN]: Found mod file "fabric-item-group-api-v1-4.1.7+e324903319.jar" [parent: forgified-fabric-api-0.116.15+2.3.5+1.21.1.jar, locator: jarinjar, reader: mod manifest]
[29Aug2026 21:20:17.724] [main/INFO] [net.neoforged.fml.loading.moddiscovery.ModDiscoverer/SCAN]: Found mod file "fabric-gametest-api-v1-2.0.5+29f188ce19.jar" [parent: forgified-fabric-api-0.116.15+2.3.5+1.21.1.jar, locator: jarinjar, reader: mod manifest]
[29Aug2026 21:20:17.725] [main/INFO] [net.neoforged.fml.loading.moddiscovery.ModDiscoverer/SCAN]: Found mod file "fabric-biome-api-v1-13.0.31+1e62d33c19.jar" [parent: forgified-fabric-api-0.116.15+2.3.5+1.21.1.jar, locator: jarinjar, reader: mod manifest]
[29Aug2026 21:20:17.725] [main/INFO] [net.neoforged.fml.loading.moddiscovery.ModDiscoverer/SCAN]: Found mod file "fabric-registry-sync-v0-5.3.2+f9aace1619.jar" [parent: forgified-fabric-api-0.116.15+2.3.5+1.21.1.jar, locator: jarinjar, reader: mod manifest]
[29Aug2026 21:20:17.725] [main/INFO] [net.neoforged.fml.loading.moddiscovery.ModDiscoverer/SCAN]: Found mod file "fabric-recipe-api-v1-5.0.16+59440bcc19.jar" [parent: forgified-fabric-api-0.116.15+2.3.5+1.21.1.jar, locator: jarinjar, reader: mod manifest]
[29Aug2026 21:20:17.725] [main/INFO] [net.neoforged.fml.loading.moddiscovery.ModDiscoverer/SCAN]: Found mod file "fabric-object-builder-api-v1-15.2.1+cc242efd19.jar" [parent: forgified-fabric-api-0.116.15+2.3.5+1.21.1.jar, locator: jarinjar, reader: mod manifest]
[29Aug2026 21:20:17.725] [main/INFO] [net.neoforged.fml.loading.moddiscovery.ModDiscoverer/SCAN]: Found mod file "fabric-sound-api-v1-1.0.23+10b84f8419.jar" [parent: forgified-fabric-api-0.116.15+2.3.5+1.21.1.jar, locator: jarinjar, reader: mod manifest]
[29Aug2026 21:20:17.725] [main/INFO] [net.neoforged.fml.loading.moddiscovery.ModDiscoverer/SCAN]: Found mod file "fabric-message-api-v1-6.0.14+6a754fce19.jar" [parent: forgified-fabric-api-0.116.15+2.3.5+1.21.1.jar, locator: jarinjar, reader: mod manifest]
[29Aug2026 21:20:17.725] [main/INFO] [net.neoforged.fml.loading.moddiscovery.ModDiscoverer/SCAN]: Found mod file "expandability-neoforge-12.0.0.jar" [parent: artifacts-neoforge-13.2.3.jar, locator: jarinjar, reader: mod manifest]
[29Aug2026 21:20:17.725] [main/INFO] [net.neoforged.fml.loading.moddiscovery.ModDiscoverer/SCAN]: Found mod file "emi-bridge-1.12.1+1.21.1.jar" [parent: ConnectorExtras-1.12.1+1.21.1.jar, locator: jarinjar, reader: mod manifest]
[29Aug2026 21:20:17.725] [main/INFO] [net.neoforged.fml.loading.moddiscovery.ModDiscoverer/SCAN]: Found library file "common-lang-3.12.0.jar" [parent: immersive_paintings-neoforge-1.21.1-0.7.8.jar, locator: jarinjar]
[29Aug2026 21:20:17.725] [main/INFO] [net.neoforged.fml.loading.moddiscovery.ModDiscoverer/SCAN]: Found mod file "fabric-tag-api-v1-1.3.0+3e2bcb4b19.jar" [parent: forgified-fabric-api-0.116.15+2.3.5+1.21.1.jar, locator: jarinjar, reader: mod manifest]
[29Aug2026 21:20:17.725] [main/INFO] [net.neoforged.fml.loading.moddiscovery.ModDiscoverer/SCAN]: Found mod file "fabric-data-generation-api-v1-20.3.0+3e2bcb4b19.jar" [parent: forgified-fabric-api-0.116.15+2.3.5+1.21.1.jar, locator: jarinjar, reader: mod manifest]
[29Aug2026 21:20:17.725] [main/INFO] [net.neoforged.fml.loading.moddiscovery.ModDiscoverer/SCAN]: Found mod file "fabric-events-interaction-v0-0.7.14+057f5afd19.jar" [parent: forgified-fabric-api-0.116.15+2.3.5+1.21.1.jar, locator: jarinjar, reader: mod manifest]
[29Aug2026 21:20:26.995] [main/INFO] [org.sinytra.connector.locator.FabricModsDiscoverer/SCAN]: Fabric mod metadata not found in jar kotlinforforge.all, ignoring
[29Aug2026 21:20:27.727] [main/INFO] [org.sinytra.connector.locator.DependencyResolver/]: Dependency resolution found 21 candidates to load
[29Aug2026 21:20:29.875] [main/INFO] [net.neoforged.fml.loading.moddiscovery.ModDiscoverer/SCAN]: Found mod file "worldweaver-21.0.13$wover-feature-api-21.0.13_mapped_moj_1.21.1.jar" [locator: org.sinytra.connector.locator.ConnectorLocator@1950e8a6]
[29Aug2026 21:20:29.875] [main/INFO] [net.neoforged.fml.loading.moddiscovery.ModDiscoverer/SCAN]: Found mod file "worldweaver-21.0.13$wover-core-api-21.0.13_mapped_moj_1.21.1.jar" [locator: org.sinytra.connector.locator.ConnectorLocator@1950e8a6]
[29Aug2026 21:20:29.875] [main/INFO] [net.neoforged.fml.loading.moddiscovery.ModDiscoverer/SCAN]: Found mod file "worldweaver-21.0.13$wover-common-api-21.0.13_mapped_moj_1.21.1.jar" [locator: org.sinytra.connector.locator.ConnectorLocator@1950e8a6]
[29Aug2026 21:20:29.876] [main/INFO] [net.neoforged.fml.loading.moddiscovery.ModDiscoverer/SCAN]: Found mod file "worldweaver-21.0.13$wover-item-api-21.0.13_mapped_moj_1.21.1.jar" [locator: org.sinytra.connector.locator.ConnectorLocator@1950e8a6]
[29Aug2026 21:20:29.876] [main/INFO] [net.neoforged.fml.loading.moddiscovery.ModDiscoverer/SCAN]: Found mod file "worldweaver-21.0.13_mapped_moj_1.21.1.jar" [locator: org.sinytra.connector.locator.ConnectorLocator@1950e8a6]
[29Aug2026 21:20:29.876] [main/INFO] [net.neoforged.fml.loading.moddiscovery.ModDiscoverer/SCAN]: Found mod file "worldweaver-21.0.13$wover-tag-api-21.0.13_mapped_moj_1.21.1.jar" [locator: org.sinytra.connector.locator.ConnectorLocator@1950e8a6]
[29Aug2026 21:20:29.876] [main/INFO] [net.neoforged.fml.loading.moddiscovery.ModDiscoverer/SCAN]: Found mod file "worldweaver-21.0.13$wover-recipe-api-21.0.13_mapped_moj_1.21.1.jar" [locator: org.sinytra.connector.locator.ConnectorLocator@1950e8a6]
[29Aug2026 21:20:29.876] [main/INFO] [net.neoforged.fml.loading.moddiscovery.ModDiscoverer/SCAN]: Found mod file "worldweaver-21.0.13$wover-block-api-21.0.13_mapped_moj_1.21.1.jar" [locator: org.sinytra.connector.locator.ConnectorLocator@1950e8a6]
[29Aug2026 21:20:29.876] [main/INFO] [net.neoforged.fml.loading.moddiscovery.ModDiscoverer/SCAN]: Found mod file "worldweaver-21.0.13$wover-generator-api-21.0.13_mapped_moj_1.21.1.jar" [locator: org.sinytra.connector.locator.ConnectorLocator@1950e8a6]
[29Aug2026 21:20:29.876] [main/INFO] [net.neoforged.fml.loading.moddiscovery.ModDiscoverer/SCAN]: Found mod file "worldweaver-21.0.13$wover-datagen-api-21.0.13_mapped_moj_1.21.1.jar" [locator: org.sinytra.connector.locator.ConnectorLocator@1950e8a6]
[29Aug2026 21:20:29.876] [main/INFO] [net.neoforged.fml.loading.moddiscovery.ModDiscoverer/SCAN]: Found mod file "worldweaver-21.0.13$wover-math-api-21.0.13_mapped_moj_1.21.1.jar" [locator: org.sinytra.connector.locator.ConnectorLocator@1950e8a6]
[29Aug2026 21:20:29.876] [main/INFO] [net.neoforged.fml.loading.moddiscovery.ModDiscoverer/SCAN]: Found mod file "worldweaver-21.0.13$wover-biome-api-21.0.13_mapped_moj_1.21.1.jar" [locator: org.sinytra.connector.locator.ConnectorLocator@1950e8a6]
[29Aug2026 21:20:29.876] [main/INFO] [net.neoforged.fml.loading.moddiscovery.ModDiscoverer/SCAN]: Found mod file "worldweaver-21.0.13$wover-event-api-21.0.13_mapped_moj_1.21.1.jar" [locator: org.sinytra.connector.locator.ConnectorLocator@1950e8a6]
[29Aug2026 21:20:29.876] [main/INFO] [net.neoforged.fml.loading.moddiscovery.ModDiscoverer/SCAN]: Found mod file "worldweaver-21.0.13$wover-structure-api-21.0.13_mapped_moj_1.21.1.jar" [locator: org.sinytra.connector.locator.ConnectorLocator@1950e8a6]
[29Aug2026 21:20:29.877] [main/INFO] [net.neoforged.fml.loading.moddiscovery.ModDiscoverer/SCAN]: Found mod file "worldweaver-21.0.13$wover-ui-api-21.0.13_mapped_moj_1.21.1.jar" [locator: org.sinytra.connector.locator.ConnectorLocator@1950e8a6]
[29Aug2026 21:20:29.877] [main/INFO] [net.neoforged.fml.loading.moddiscovery.ModDiscoverer/SCAN]: Found mod file "worldweaver-21.0.13$wover-preset-api-21.0.13_mapped_moj_1.21.1.jar" [locator: org.sinytra.connector.locator.ConnectorLocator@1950e8a6]
[29Aug2026 21:20:29.877] [main/INFO] [net.neoforged.fml.loading.moddiscovery.ModDiscoverer/SCAN]: Found mod file "worldweaver-21.0.13$wover-surface-api-21.0.13_mapped_moj_1.21.1.jar" [locator: org.sinytra.connector.locator.ConnectorLocator@1950e8a6]
[29Aug2026 21:20:29.877] [main/INFO] [net.neoforged.fml.loading.moddiscovery.ModDiscoverer/SCAN]: Found mod file "bclib-21.0.13_mapped_moj_1.21.1.jar" [locator: org.sinytra.connector.locator.ConnectorLocator@1950e8a6]
[29Aug2026 21:20:29.877] [main/INFO] [net.neoforged.fml.loading.moddiscovery.ModDiscoverer/SCAN]: Found mod file "better-end-21.0.11_mapped_moj_1.21.1.jar" [locator: org.sinytra.connector.locator.ConnectorLocator@1950e8a6]
[29Aug2026 21:20:29.877] [main/INFO] [net.neoforged.fml.loading.moddiscovery.ModDiscoverer/SCAN]: Found mod file "better-nether-21.0.11_mapped_moj_1.21.1.jar" [locator: org.sinytra.connector.locator.ConnectorLocator@1950e8a6]
[29Aug2026 21:20:29.877] [main/INFO] [net.neoforged.fml.loading.moddiscovery.ModDiscoverer/SCAN]: Found mod file "worldweaver-21.0.13$wunderlib-21.0.8_mapped_moj_1.21.1.jar" [locator: org.sinytra.connector.locator.ConnectorLocator@1950e8a6]
[29Aug2026 21:20:29.887] [main/INFO] [net.neoforged.fml.loading.moddiscovery.locators.JarInJarDependencyLocator/]: Found 2 dependencies adding them to mods collection
[29Aug2026 21:20:29.887] [main/INFO] [net.neoforged.fml.loading.moddiscovery.ModDiscoverer/SCAN]: Found mod file "org.sinytra.connector-2.0.0-beta.17+1.21.1-mod.jar" [parent: , locator: org.sinytra.connector.locator.ConnectorLocator@1950e8a6, reader: mod manifest]
[29Aug2026 21:20:29.887] [main/INFO] [net.neoforged.fml.loading.moddiscovery.ModDiscoverer/SCAN]: Found gamelibrary file "runtime-1.0.0+1.21.1.jar" [parent: , locator: org.sinytra.connector.locator.ConnectorLocator@1950e8a6, reader: mod manifest]
[29Aug2026 21:20:29.893] [main/INFO] [net.neoforged.fml.loading.moddiscovery.ModDiscoverer/]: 
     Mod List:
		Name Version (Mod Id)

		Accessories 1.1.0-beta.53+1.21.1 (accessories)
		Adorable Hamster Pets 3.6.1-1.21.1+neoforge (adorablehamsterpets)
		AeronauticsCompat 1.1.3 (aeronauticscompat)
		Alex's Caves 2.0.10 (alexscaves)
		Apollib 1.2.0 (apollib)
		AppleSkin 3.0.9+mc1.21 (appleskin)
		Architectury 13.0.11 (architectury)
		Artifacts 13.2.3 (artifacts)
		Atmosphere 1.0.17 (atmosphere)
		Azimuth 1.4.7 (azimuth)
		BaguetteLib 2.0.3 (baguettelib)
		Balm 21.0.65 (balm)
		BCLib 21.0.13 (bclib)
		Better Combat 2.4.0+1.21.1 (bettercombat)
		Better End 21.0.11 (betterend)
		Better Nether 21.0.11 (betternether)
		Born in Chaos  1.7.6 (born_in_chaos_v1)
		Carry On 2.2.6 (carryon)
		Citadel 2.7.6 (citadel)
		Cloth Config v15 API 15.0.140 (cloth_config)
		Comforts 9.0.5+1.21.1 (comforts)
		Compat Manager 1.0.7 (compat_manager)
		conditional mixin 0.6.4 (conditional_mixin)
		Connector Extras 1.12.1+1.21.1 (connectorextras)
		Connector Extras EMI Bridge 1.12.1+1.21.1 (connectorextras_emi_bridge)
		Connector Extras Energy Bridge 1.12.1+1.21.1 (connectorextras_energy_bridge)
		Connector Extras JEI Bridge 1.12.1+1.21.1 (connectorextras_jei_bridge)
		Connector Extras KubeJS Bridge 1.12.1+1.21.1 (connectorextras_kubejs_bridge)
		Connector Extras ModMenu Bridge 1.12.1+1.21.1 (connectorextras_modmenu_bridge)
		Connector Extras Pehkui Bridge 1.12.1+1.21.1 (connectorextras_pehkui_bridge)
		Connector Extras REI Bridge 1.12.1+1.21.1 (connectorextras_rei_bridge)
		Connector Extras Terrablender Bridge 1.12.1+1.21.1 (connectorextras_terrablender_bridge)
		Corpse 1.21.1-1.1.13 (corpse)
		Corpse Curios Compatibility 4.0.1 (corpsecurioscompat)
		Creat Aeronautics Structures 1.1.0-Beta-3.1 (cr_aero_structures)
		Create 6.0.10 (create)
		Create Aeronautics 1.3.1 (aeronautics_bundled)
		Create Aeronautics 1.3.1 (aeronautics)
		Create Big Cannons 5.11.7 (createbigcannons)
		Create Bits 'n' Bobs 2.2.7 (bits_n_bobs)
		Create Crafts & Additions 1.6.0 (createaddition)
		Create Deco 2.1.3 (createdeco)
		Create Deep Seas 2.2.4 (create_submarine)
		Create Diesel Generators 1.21.1-1.3.15 (createdieselgenerators)
		Create Goggles 6.1.1 (creategoggles)
		Create Jetpack 5.2.1 (create_jetpack)
		Create Man of Many Planes 1.1 (mr_create_manofmanyplanes)
		Create Nuclear 1.3.2-beta.3 (createnuclear)
		Create Offroad 1.3.1 (offroad)
		Create Oh The Biomes We ve Gone Compat 0.0NONE (create_sophback_compat)
		Create Pipes n Physics 3.1.0 (pipesnphysics)
		Create Propulsion: Simulated 1.1.5 (createpropulsion)
		Create Simulated 1.3.1 (simulated)
		Create Slice & Dice 4.3.3 (sliceanddice)
		Create Stuff 'N Additions 2.1.4. (create_sa)
		Create Stuff and Addition Tank Fix 1.3 (createsa_tank_fix)
		Create: Coasters Simulated 0.1.5 (simulatedcoasters)
		Create: Connected 1.3.2-mc1.21.1 (create_connected)
		Create: Copper and Zinc 2.0.0 (create_copper_and_zinc)
		Create: Copycats+ 3.0.8+mc.1.21.1-neoforge (copycats)
		Create: Deep Dark 3.0.2 (create_deep_dark)
		Create: Dragons Plus 1.11.7b (create_dragons_plus)
		Create: Easy Structures 0.2 (create_easy_structures)
		Create: Enchantment Industry 2.5.3 (create_enchantment_industry)
		Create: Escalated 1.3.2 (escalated)
		Create: Extra Gauges 2.1.2 (extra_gauges)
		Create: Factory 0.7b-1.21.1 (create_factory)
		Create: Food 2.7.1 (createfood)
		Create: Interiors 0.6.1 (interiors)
		Create: Pattern Schematics 2.0.10 (create_pattern_schematics)
		Create: Rustic Structures 1.0.1 (create_rustic_structures)
		Create: Structures Arise 176.49.48 (create_structures_arise)
		Create: Structures Overhaul 1.3.1 (create_structures_overhaul)
		Create: Trading Floor 3.0.16 (trading_floor)
		Create: Trimmed 1.0.1 (create_trimmed)
		Create: Ultimate Factory 2.2.4 (create_ultimate_factory)
		Cristel Lib 3.1.7 (cristellib)
		Cumulus 2.0.7 (cumulus_menus)
		Curios API 9.5.1+1.21.1 (curios)
		Customizable Player Models 0.6.27a (cpm)
		Deeper and Darker 1.4.1 (deeperdarker)
		Deployer 0.1.2 (deployer)
		Design n' Decor 2.2b (dndecor)
		Entris 0.2.0 (entris)
		Epic Fight 21.17.3.1 (epicfight)
		ExpandAbility 12.0.0 (expandability)
		Farmer's Delight 1.3.3 (farmersdelight)
		Ferrite Core 7.0.3 (ferritecore)
		Flight Lib 4.0.36 (flightlib)
		Flywheel 1.0.6 (flywheel)
		Forgified Fabric API 0.116.15+2.3.5+1.21.1 (fabric_api)
		Forgified Fabric API Base 0.4.42+d1308dedd1 (fabric_api_base)
		Forgified Fabric API Lookup API (v1) 1.6.72+6244b11119 (fabric_api_lookup_api_v1)
		Forgified Fabric Biome API (v1) 13.0.31+1e62d33c19 (fabric_biome_api_v1)
		Forgified Fabric Block API (v1) 1.1.0+b0c22bb819 (fabric_block_api_v1)
		Forgified Fabric BlockRenderLayer Registration (v1) 1.1.52+c290471319 (fabric_blockrenderlayer_v1)
		Forgified Fabric BlockView API (v2) 1.0.11+e9036fd419 (fabric_block_view_api_v2)
		Forgified Fabric Client Tags 1.2.0+5adff2d719 (fabric_client_tags_api_v1)
		Forgified Fabric Command API (v2) 2.2.28+36d727be19 (fabric_command_api_v2)
		Forgified Fabric Content Registries (v0) 8.0.19+5e0d320019 (fabric_content_registries_v0)
		Forgified Fabric Convention Tags 2.1.7+7f945d5b19 (fabric_convention_tags_v1)
		Forgified Fabric Convention Tags (v2) 2.12.0+75d3639619 (fabric_convention_tags_v2)
		Forgified Fabric Data Attachment API (v1) 1.4.7+26d408aa19 (fabric_data_attachment_api_v1)
		Forgified Fabric Data Generation API (v1) 20.3.0+3e2bcb4b19 (fabric_data_generation_api_v1)
		Forgified Fabric Entity Events (v1) 1.8.0+e46a02ca19 (fabric_entity_events_v1)
		Forgified Fabric Events Interaction (v0) 0.7.14+057f5afd19 (fabric_events_interaction_v0)
		Forgified Fabric Game Rule API (v1) 1.0.53+36d727be19 (fabric_game_rule_api_v1)
		Forgified Fabric Game Test API (v1) 2.0.5+29f188ce19 (fabric_gametest_api_v1)
		Forgified Fabric Item API (v1) 11.3.0+b24c12f719 (fabric_item_api_v1)
		Forgified Fabric Item Group API (v1) 4.1.7+e324903319 (fabric_item_group_api_v1)
		Forgified Fabric Key Binding API (v1) 1.0.47+62cc7ce119 (fabric_key_binding_api_v1)
		Forgified Fabric Lifecycle Events (v1) 2.6.0+e40d8add19 (fabric_lifecycle_events_v1)
		Forgified Fabric Loot API (v2) 3.0.15+a3ee712d19 (fabric_loot_api_v2)
		Forgified Fabric Loot API (v3) 1.0.3+333dfad919 (fabric_loot_api_v3)
		Forgified Fabric Message API (v1) 6.0.14+6a754fce19 (fabric_message_api_v1)
		Forgified Fabric Model Loading API (v1) 2.1.0+6e8f52c719 (fabric_model_loading_api_v1)
		Forgified Fabric Networking API (v1) 4.3.1+7e3d421f19 (fabric_networking_api_v1)
		Forgified Fabric Object Builder API (v1) 15.2.1+cc242efd19 (fabric_object_builder_api_v1)
		Forgified Fabric Particles (v1) 4.0.2+824f924c19 (fabric_particles_v1)
		Forgified Fabric Recipe API (v1) 5.0.16+59440bcc19 (fabric_recipe_api_v1)
		Forgified Fabric Registry Sync (v0) 5.3.2+f9aace1619 (fabric_registry_sync_v0)
		Forgified Fabric Renderer - Indigo 1.7.1+9125b6dc19 (fabric_renderer_indigo)
		Forgified Fabric Renderer API (v1) 3.4.1+9125b6dc19 (fabric_renderer_api_v1)
		Forgified Fabric Renderer Registries (v1) 3.2.69+df3654b319 (fabric_renderer_registries_v1)
		Forgified Fabric Rendering (v1) 5.1.0+1a09bd5a19 (fabric_rendering_v1)
		Forgified Fabric Rendering Data Attachment (v1) 0.3.49+73761d2e19 (fabric_rendering_data_attachment_v1)
		Forgified Fabric Rendering Fluids (v1) 3.1.6+ddc51b4719 (fabric_rendering_fluids_v1)
		Forgified Fabric Resource Conditions API (v1) 4.3.0+5bdd099819 (fabric_resource_conditions_api_v1)
		Forgified Fabric Resource Loader (v0) 1.3.1+4ea8954419 (fabric_resource_loader_v0)
		Forgified Fabric Screen API (v1) 2.0.26+9991ca2f19 (fabric_screen_api_v1)
		Forgified Fabric Screen Handler API (v1) 1.3.91+8dbc56dd19 (fabric_screen_handler_api_v1)
		Forgified Fabric Sound API (v1) 1.0.23+10b84f8419 (fabric_sound_api_v1)
		Forgified Fabric Tag API (v1) 1.3.0+3e2bcb4b19 (fabric_tag_api_v1)
		Forgified Fabric Transfer API (v1) 5.4.4+6244b11119 (fabric_transfer_api_v1)
		Forgified Fabric Transitive Access Wideners (v1) 6.2.0+6c854b6f19 (fabric_transitive_access_wideners_v1)
		Friends&Foes 4.0.27 (friendsandfoes)
		Fzzy Config 0.7.6+1.21+neoforge (fzzy_config)
		GeckoLib 4 4.9.2 (geckolib)
		Hang Glider 21.1.0 (hangglider)
		Ice And Fire Community Edition 2.1-beta.1 (iceandfire)
		Immersive Aircraft 1.4.6+1.21.1 (immersive_aircraft)
		Immersive Armors 1.7.6+1.21.1 (immersive_armors)
		Immersive Melodies 0.7.1+1.21.1 (immersive_melodies)
		Immersive Paintings 0.7.8 (immersive_paintings)
		Integration 0.2 (integration)
		Iron's Lib 1.21.1-2.1.0 (irons_lib)
		Iron's Spells 'n Spellbooks 1.21.1-3.16.3 (irons_spellbooks)
		Jade 15.10.6+neoforge (jade)
		Jade Addons 0.0NONE (jadeaddons)
		Jupiter 2.3.7 (jupiter)
		Just Enough Items 19.44.0.403 (jei)
		Just Hammers 21.1.4 (justhammers)
		Kotlin For Forge 5.12.0 (kotlinforforge)
		KumaAPI 21.0.8 (kuma_api)
		Lithostitched 1.8.0+beta4 (lithostitched)
		Man of Many Planes 0.2.1+1.21.1 (man_of_many_planes)
		Minecraft 1.21.1 (minecraft)
		Nenu's POP Plushies 2.7.0 (nenus_pop_plushies)
		NeoForge 21.1.248 (neoforge)
		Nitrogen 1.1.25 (nitrogen_internals)
		OctoLib 0.6.2 (octolib)
		oωo 0.12.15.5-beta.1+1.21 (owo)
		Patchouli 1.21.1-93-NEOFORGE (patchouli)
		Platform 1.3.3 (platform)
		Player Animator 2.0.4+1.21.1 (playeranimator)
		Ponder 1.0.82+mc1.21.1 (ponder)
		Puzzles Lib 21.1.52 (puzzleslib)
		Relics 0.10.7.8 (relics)
		Resourceful Lib 3.0.12 (resourcefullib)
		Ribbits 1.21.1-NeoForge-4.1.6 (ribbits)
		Ritchie's Projectile Library 2.1.2 (ritchiesprojectilelib)
		Sable 2.0.5 (sable)
		Sable Companion 1.6.0 (sablecompanion)
		Sable: Stuff&Additions Compatibility 1.0.3 (sable_sa_compat)
		Simply Swords 1.70.1-1.21.1 (simplyswords)
		Simply Tooltips 0.1.5 (simplytooltips)
		Sinytra Connector 2.0.0-beta.17+1.21.1 (connector)
		SkinRestorer 2.10.0+1.21-neoforge (skinrestorer)
		Sophisticated Backpacks 3.25.78 (sophisticatedbackpacks)
		Sophisticated Core 1.4.90 (sophisticatedcore)
		SpectreLib 0.17.2+1.21 (spectrelib)
		Strut Your Stuff 1.3.0 (struts)
		The Aether 1.5.10 (aether)
		Tiny Config 3.1.0 (tiny_config)
		Uranus 2.4.1 (uranus)
		VanillaBackport 1.1.7.10 (vanillabackport)
		Veil 4.3.2 (veil)
		Waystones 21.1.41 (waystones)
		WaystonesSable 1.0.7 (waystonessable)
		Wildfire's Female Gender Mod 3.2.2 (wildfire_gender)
		WorldWeaver 21.0.13 (wover)
		WorldWeaver - Biome API 21.0.13 (wover_biome)
		WorldWeaver - Block and Item API 21.0.13 (wover_block)
		WorldWeaver - Common API 21.0.13 (wover_common)
		WorldWeaver - Core API 21.0.13 (wover_core)
		WorldWeaver - Datagen API 21.0.13 (wover_datagen)
		WorldWeaver - Events API 21.0.13 (wover_events)
		WorldWeaver - Feature API 21.0.13 (wover_feature)
		WorldWeaver - Item API 21.0.13 (wover_item)
		WorldWeaver - Math API 21.0.13 (wover_math)
		WorldWeaver - Recipe API 21.0.13 (wover_recipe)
		WorldWeaver - Structure API 21.0.13 (wover_structure)
		WorldWeaver - Surface API 21.0.13 (wover_surface)
		WorldWeaver - Tag API 21.0.13 (wover_tag)
		WorldWeaver - UI API 21.0.13 (wover_ui)
		WorldWeaver - World Generator API 21.0.13 (wover_generator)
		WorldWeaver - World Preset API 21.0.13 (wover_preset)
		WunderLib 21.0.8 (wunderlib)
		Xaero's Minimap 26.4.2 (xaerominimap)
		Xaero's World Map 1.45.0 (xaeroworldmap)
		XaeroLib 1.7.1 (xaerolib)
		YUNG's API 1.21.1-NeoForge-5.1.8 (yungsapi)
[29Aug2026 21:20:30.334] [main/INFO] [org.sinytra.connector.service.hacks.ModuleLayerMigrator/]: Successfully made module authlib transformable
[29Aug2026 21:20:30.335] [main/INFO] [org.sinytra.connector.service.hacks.ModuleLayerMigrator/]: Successfully made module brigadier transformable
[29Aug2026 21:20:30.338] [main/INFO] [net.neoforged.fml.loading.FMLServiceProvider/CORE]: Loading coremod script-engine for [xaerominimap, xaeroworldmap]
[29Aug2026 21:20:33.110] [main/INFO] [mixin/]: Compatibility level set to JAVA_17
[29Aug2026 21:20:33.118] [main/INFO] [mixin/]: Compatibility level set to JAVA_21
[29Aug2026 21:20:34.144] [main/INFO] [cpw.mods.modlauncher.LaunchServiceHandler/MODLAUNCHER]: Launching target 'forgeserver' with arguments [nogui]
[29Aug2026 21:20:34.204] [main/WARN] [mixin/]: Reference map 'yungsapi.refmap.json' for yungsapi.mixins.json could not be read. If this is a development environment you can ignore this message
[29Aug2026 21:20:34.222] [main/WARN] [mixin/]: Reference map 'createdieselgenerators.refmap.json' for createdieselgenerators.mixins.json could not be read. If this is a development environment you can ignore this message
[29Aug2026 21:20:34.223] [main/WARN] [mixin/]: Reference map 'balm.refmap.json' for balm.mixins.json could not be read. If this is a development environment you can ignore this message
[29Aug2026 21:20:34.227] [main/WARN] [mixin/]: Reference map 'curios.refmap.json' for curios.neoforge.mixins.json could not be read. If this is a development environment you can ignore this message
[29Aug2026 21:20:34.228] [main/WARN] [mixin/]: Reference map 'curios.refmap.json' for curios.mixins.json could not be read. If this is a development environment you can ignore this message
[29Aug2026 21:20:34.231] [main/WARN] [mixin/]: Reference map '${mod_id}.refmap.json' for trading_floor.mixins.json could not be read. If this is a development environment you can ignore this message
[29Aug2026 21:20:34.234] [main/WARN] [mixin/]: Reference map '' for accessories-common.mixins.json could not be read. If this is a development environment you can ignore this message
[29Aug2026 21:20:34.235] [main/WARN] [mixin/]: Reference map '' for accessories-forge.mixins.json could not be read. If this is a development environment you can ignore this message
[29Aug2026 21:20:34.236] [main/WARN] [mixin/]: Reference map 'cumulus_menus.refmap.json' for cumulus_menus.mixins.json could not be read. If this is a development environment you can ignore this message
[29Aug2026 21:20:34.236] [main/WARN] [mixin/]: Reference map 'cumulus_menus.refmap.json' for cumulus_menus.neoforge.mixins.json could not be read. If this is a development environment you can ignore this message
[29Aug2026 21:20:34.238] [main/WARN] [mixin/]: Reference map 'nitrogen_internals.refmap.json' for nitrogen_internals.mixins.json could not be read. If this is a development environment you can ignore this message
[29Aug2026 21:20:34.244] [main/WARN] [mixin/]: Reference map 'irons_lib.refmap.json' for irons_lib.mixins.json could not be read. If this is a development environment you can ignore this message
[29Aug2026 21:20:34.247] [main/WARN] [mixin/]: Reference map 'aeronautics.refmap.json' for aeronautics.mixins.json could not be read. If this is a development environment you can ignore this message
[29Aug2026 21:20:34.252] [main/WARN] [mixin/]: Reference map 'epicfight.mixins.refmap.json' for epicfight.mixins.json could not be read. If this is a development environment you can ignore this message
[29Aug2026 21:20:34.264] [main/WARN] [mixin/]: Reference map 'offroad.refmap.json' for offroad.mixins.json could not be read. If this is a development environment you can ignore this message
[29Aug2026 21:20:34.275] [main/WARN] [mixin/]: Reference map 'ponder.refmap.json' for ponder-common.mixins.json could not be read. If this is a development environment you can ignore this message
[29Aug2026 21:20:34.278] [main/WARN] [mixin/]: Reference map 'xaerominimap.refmap.json' for xaerohud.mixins.json could not be read. If this is a development environment you can ignore this message
[29Aug2026 21:20:34.279] [main/WARN] [mixin/]: Reference map 'xaerominimap.refmap.json' for xaerominimap.mixins.json could not be read. If this is a development environment you can ignore this message
[29Aug2026 21:20:34.293] [main/WARN] [mixin/]: Reference map 'immersive_melodies.refmap.json' for immersive_melodies.mixins.json could not be read. If this is a development environment you can ignore this message
[29Aug2026 21:20:34.299] [main/WARN] [mixin/]: Reference map 'kuma_api.refmap.json' for kuma_api.mixins.json could not be read. If this is a development environment you can ignore this message
[29Aug2026 21:20:34.305] [main/WARN] [mixin/]: Reference map 'geckolib.refmap.json' for geckolib.mixins.json could not be read. If this is a development environment you can ignore this message
[29Aug2026 21:20:34.342] [main/WARN] [mixin/]: Reference map 'aether.refmap.json' for aether.mixins.json could not be read. If this is a development environment you can ignore this message
[29Aug2026 21:20:34.349] [main/WARN] [mixin/]: Reference map 'xaeroworldmap.refmap.json' for xaeroworldmap.mixins.json could not be read. If this is a development environment you can ignore this message
[29Aug2026 21:20:34.350] [main/WARN] [mixin/]: Reference map 'citadel.refmap.json' for citadel.mixins.json could not be read. If this is a development environment you can ignore this message
[29Aug2026 21:20:34.362] [main/WARN] [mixin/]: Reference map '' for createsa_tank_fix.mixins.json could not be read. If this is a development environment you can ignore this message
[29Aug2026 21:20:34.363] [main/WARN] [mixin/]: Reference map 'simulated.refmap.json' for simulated.mixins.json could not be read. If this is a development environment you can ignore this message
[29Aug2026 21:20:34.365] [main/WARN] [mixin/]: Reference map 'relics.refmap.json' for relics.mixins.json could not be read. If this is a development environment you can ignore this message
[29Aug2026 21:20:34.492] [main/WARN] [mixin/]: Reference map 'carryon.refmap.json' for carryon.mixins.json could not be read. If this is a development environment you can ignore this message
[29Aug2026 21:20:34.522] [main/WARN] [mixin/]: Reference map 'create_connected.refmap.json' for create_connected.mixins.json could not be read. If this is a development environment you can ignore this message
[29Aug2026 21:20:34.527] [main/WARN] [mixin/]: Reference map 'patchouli.refmap.json' for patchouli_xplat.mixins.json could not be read. If this is a development environment you can ignore this message
[29Aug2026 21:20:34.554] [main/WARN] [mixin/]: Reference map 'xaerolib.refmap.json' for xaerolib.mixins.json could not be read. If this is a development environment you can ignore this message
[29Aug2026 21:20:34.620] [main/WARN] [mixin/]: Reference map 'dndecor.refmap.json' for dndecor.mixins.json could not be read. If this is a development environment you can ignore this message
[29Aug2026 21:20:34.624] [main/WARN] [mixin/]: Reference map 'bits_n_bobs.refmap.json' for bits_n_bobs.mixins.json could not be read. If this is a development environment you can ignore this message
[29Aug2026 21:20:34.652] [main/INFO] [dev.ryanhcode.sable.mixin.AbstractSableMixinPlugin/]: Using Vanilla renderer mixins
[29Aug2026 21:20:34.654] [main/INFO] [dev.ryanhcode.sable.mixin.AbstractSableMixinPlugin/]: Using Vanilla renderer mixins
[29Aug2026 21:20:34.661] [main/WARN] [mixin/]: Reference map 'createpropulsion.refmap.json' for createpropulsion.mixins.json could not be read. If this is a development environment you can ignore this message
[29Aug2026 21:20:34.686] [main/WARN] [mixin/]: Reference map 'pipesnphysics.refmap.json' for pipesnphysics.mixins.json could not be read. If this is a development environment you can ignore this message
[29Aug2026 21:20:34.709] [main/WARN] [mixin/]: Reference map 'pipesnphysics.refmap.json' for pipesnphysics.sable.mixins.json could not be read. If this is a development environment you can ignore this message
[29Aug2026 21:20:34.715] [main/WARN] [mixin/]: Reference map 'waystones.refmap.json' for waystones.mixins.json could not be read. If this is a development environment you can ignore this message
[29Aug2026 21:20:34.841] [main/WARN] [mixin/]: Reference map 'comforts.refmap.json' for comforts.mixins.json could not be read. If this is a development environment you can ignore this message
[29Aug2026 21:20:34.857] [main/WARN] [mixin/]: Reference map 'friendsandfoes.refmap.json' for friendsandfoes-neoforge.mixins.json could not be read. If this is a development environment you can ignore this message
[29Aug2026 21:20:34.861] [main/WARN] [mixin/]: Reference map 'friendsandfoes.refmap.json' for friendsandfoes-common.mixins.json could not be read. If this is a development environment you can ignore this message
[29Aug2026 21:20:34.863] [main/WARN] [mixin/]: Reference map 'alexscaves.refmap.json' for alexscaves.mixins.json could not be read. If this is a development environment you can ignore this message
[29Aug2026 21:20:34.904] [main/WARN] [mixin/]: Reference map 'createfood.refmap.json' for createfood.mixins.json could not be read. If this is a development environment you can ignore this message
[29Aug2026 21:20:34.912] [main/WARN] [mixin/]: Reference map 'ribbits.refmap.json' for ribbits.mixins.json could not be read. If this is a development environment you can ignore this message
[29Aug2026 21:20:34.913] [main/WARN] [mixin/]: Reference map 'ribbits.refmap.json' for ribbits_neoforge.mixins.json could not be read. If this is a development environment you can ignore this message
[29Aug2026 21:20:34.916] [main/WARN] [mixin/]: Reference map 'we_companion.refmap.json' for sable_sa_compat.mixins.json could not be read. If this is a development environment you can ignore this message
[29Aug2026 21:20:34.960] [main/WARN] [mixin/]: Reference map 'irons_spellbooks.refmap.json' for irons_spellbooks.mixins.json could not be read. If this is a development environment you can ignore this message
[29Aug2026 21:20:34.961] [main/WARN] [mixin/]: Reference map 'immersive_paintings.refmap.json' for immersive_paintings.mixins.json could not be read. If this is a development environment you can ignore this message
[29Aug2026 21:20:34.985] [main/WARN] [mixin/]: Reference map '${refmap_target}refmap.json' for ferritecore.predicates.mixin.json could not be read. If this is a development environment you can ignore this message
[29Aug2026 21:20:34.987] [main/WARN] [mixin/]: Reference map '${refmap_target}refmap.json' for ferritecore.fastmap.mixin.json could not be read. If this is a development environment you can ignore this message
[29Aug2026 21:20:34.988] [main/WARN] [mixin/]: Reference map '${refmap_target}refmap.json' for ferritecore.mrl.mixin.json could not be read. If this is a development environment you can ignore this message
[29Aug2026 21:20:34.989] [main/WARN] [mixin/]: Reference map '${refmap_target}refmap.json' for ferritecore.dedupmultipart.mixin.json could not be read. If this is a development environment you can ignore this message
[29Aug2026 21:20:34.989] [main/WARN] [mixin/]: Reference map '${refmap_target}refmap.json' for ferritecore.blockstatecache.mixin.json could not be read. If this is a development environment you can ignore this message
[29Aug2026 21:20:34.991] [main/WARN] [mixin/]: Reference map '${refmap_target}refmap.json' for ferritecore.dedupbakedquad.mixin.json could not be read. If this is a development environment you can ignore this message
[29Aug2026 21:20:34.992] [main/WARN] [mixin/]: Reference map '${refmap_target}refmap.json' for ferritecore.threaddetec.mixin.json could not be read. If this is a development environment you can ignore this message
[29Aug2026 21:20:34.993] [main/WARN] [mixin/]: Reference map '${refmap_target}refmap.json' for ferritecore.modelsides.mixin.json could not be read. If this is a development environment you can ignore this message
[29Aug2026 21:20:34.994] [main/WARN] [mixin/]: Reference map '${refmap_target}refmap.json' for ferritecore.datacomponents.mixin.json could not be read. If this is a development environment you can ignore this message
[29Aug2026 21:20:34.995] [main/WARN] [mixin/]: Reference map '${refmap_target}refmap.json' for ferritecore.accessors.mixin.json could not be read. If this is a development environment you can ignore this message
[29Aug2026 21:20:35.001] [main/WARN] [mixin/]: Reference map 'skinrestorer.refmap.json' for skinrestorer.mixins.json could not be read. If this is a development environment you can ignore this message
[29Aug2026 21:20:35.012] [main/WARN] [mixin/]: Reference map '' for adapter.init.mixins.json could not be read. If this is a development environment you can ignore this message
[29Aug2026 21:20:36.177] [main/WARN] [mixin/]: Error loading class: jeresources/api/util/BiomeHelper (java.lang.ClassNotFoundException: jeresources.api.util.BiomeHelper)
[29Aug2026 21:20:36.178] [main/WARN] [mixin/]: Error loading class: yalter/mousetweaks/Main (java.lang.ClassNotFoundException: yalter.mousetweaks.Main)
[29Aug2026 21:20:36.594] [main/WARN] [mixin/]: Error loading class: xfacthd/framedblocks/common/blockentity/doubled/slab/FramedAdjustableDoubleBlockEntity (java.lang.ClassNotFoundException: xfacthd.framedblocks.common.blockentity.doubled.slab.FramedAdjustableDoubleBlockEntity)
[29Aug2026 21:20:36.594] [main/WARN] [mixin/]: @Mixin target xfacthd.framedblocks.common.blockentity.doubled.slab.FramedAdjustableDoubleBlockEntity was not found createbigcannons.mixins.json:compat.framedblocks.FramedAdjustableDoubleBlockEntityAccessor from mod createbigcannons
[29Aug2026 21:20:36.759] [main/ERROR] [net.neoforged.fml.common.asm.RuntimeDistCleaner/DISTXFORM]: Attempted to load class net/minecraft/client/gui/screens/inventory/EnchantmentScreen for invalid dist DEDICATED_SERVER
[29Aug2026 21:20:36.760] [main/WARN] [mixin/]: Error loading class: net/minecraft/client/gui/screens/inventory/EnchantmentScreen (java.lang.RuntimeException: Attempted to load class net/minecraft/client/gui/screens/inventory/EnchantmentScreen for invalid dist DEDICATED_SERVER)
[29Aug2026 21:20:36.761] [main/WARN] [mixin/]: @Mixin target net.minecraft.client.gui.screens.inventory.EnchantmentScreen was not found entris-common.mixins.json:EnchantmentScreenMixin from mod entris
[29Aug2026 21:20:37.199] [main/ERROR] [net.neoforged.fml.common.asm.RuntimeDistCleaner/DISTXFORM]: Attempted to load class net/minecraft/client/gui/screens/Screen for invalid dist DEDICATED_SERVER
[29Aug2026 21:20:37.200] [main/WARN] [mixin/]: Error loading class: net/minecraft/client/gui/screens/Screen (java.lang.RuntimeException: Attempted to load class net/minecraft/client/gui/screens/Screen for invalid dist DEDICATED_SERVER)
[29Aug2026 21:20:37.200] [main/WARN] [mixin/]: @Mixin target net.minecraft.client.gui.screens.Screen was not found relics.mixins.json:ScreenMixin from mod relics
[29Aug2026 21:20:37.334] [main/ERROR] [net.neoforged.fml.common.asm.RuntimeDistCleaner/DISTXFORM]: Attempted to load class com/mojang/blaze3d/systems/RenderSystem for invalid dist DEDICATED_SERVER
[29Aug2026 21:20:37.335] [main/WARN] [mixin/]: Error loading class: com/mojang/blaze3d/systems/RenderSystem (java.lang.RuntimeException: Attempted to load class com/mojang/blaze3d/systems/RenderSystem for invalid dist DEDICATED_SERVER)
[29Aug2026 21:20:37.335] [main/WARN] [mixin/]: @Mixin target com.mojang.blaze3d.systems.RenderSystem was not found struts.mixins.json:StrutRenderSystemAccessor from mod struts
[29Aug2026 21:20:37.530] [main/WARN] [mixin/]: Error loading class: me/jellysquid/mods/lithium/common/ai/pathing/PathNodeDefaults (java.lang.ClassNotFoundException: me.jellysquid.mods.lithium.common.ai.pathing.PathNodeDefaults)
[29Aug2026 21:20:38.282] [main/WARN] [mixin/]: Error loading class: snownee/jade/addon/create/CreatePlugin (java.lang.ClassNotFoundException: snownee.jade.addon.create.CreatePlugin)
[29Aug2026 21:20:38.283] [main/WARN] [mixin/]: @Mixin target snownee.jade.addon.create.CreatePlugin was not found sable.mixins.json:compatibility.jadeaddons.CreatePluginMixin from mod sable
[29Aug2026 21:20:39.234] [main/ERROR] [net.neoforged.fml.common.asm.RuntimeDistCleaner/DISTXFORM]: Attempted to load class net/minecraft/client/player/AbstractClientPlayer for invalid dist DEDICATED_SERVER
[29Aug2026 21:20:39.235] [main/WARN] [mixin/]: Error loading class: net/minecraft/client/player/AbstractClientPlayer (java.lang.RuntimeException: Attempted to load class net/minecraft/client/player/AbstractClientPlayer for invalid dist DEDICATED_SERVER)
[29Aug2026 21:20:39.235] [main/WARN] [mixin/]: @Mixin target net.minecraft.client.player.AbstractClientPlayer was not found mixins.create_sa.json:AbstractClientPlayerMixin from mod create_sa
[29Aug2026 21:20:39.928] [main/WARN] [mixin/]: Error loading class: com/mojang/blaze3d/platform/InputConstants$Key (java.lang.ClassNotFoundException: com.mojang.blaze3d.platform.InputConstants$Key)
[29Aug2026 21:20:40.017] [main/WARN] [mixin/]: Error loading class: org/jetbrains/annotations/ApiStatus$ScheduledForRemoval (java.lang.ClassNotFoundException: org.jetbrains.annotations.ApiStatus$ScheduledForRemoval)
[29Aug2026 21:20:40.482] [main/INFO] [MixinExtras|Service/]: Initializing MixinExtras via com.llamalad7.mixinextras.service.MixinExtrasServiceImpl(version=0.5.3).
[29Aug2026 21:20:49.453] [main/WARN] [mixin/]: Method overwrite conflict for getEntries in createdieselgenerators.mixins.json:LootPoolAccessor from mod createdieselgenerators, previously written by com.blackgear.platform.core.mixin.neoforge.LootPoolMixin. Skipping method.
[29Aug2026 21:20:49.773] [main/WARN] [mixin/]: Mixin alexscaves.mixins.json:SwampHutPieceMixin from mod alexscaves has multiple constructors, <init>(Lnet/minecraft/world/level/levelgen/structure/pieces/StructurePieceType;IIIIIILnet/minecraft/core/Direction;)V was selected

[29Aug2026 21:20:50.294] [main/INFO] [betternether/]: =^..^=    BetterNether for 1.21    =^..^=
[29Aug2026 21:20:51.867] [modloading-worker-0/INFO] [Create Deco/]: Registering items for Create Deco
[29Aug2026 21:20:51.893] [modloading-worker-0/INFO] [net.neoforged.neoforge.common.NeoForgeMod/NEOFORGE-MOD]: NeoForge mod loading, version 21.1.248, for MC 1.21.1
[29Aug2026 21:20:52.099] [modloading-worker-0/INFO] [Create Deco/]: Registering blocks for Create Deco
[29Aug2026 21:20:52.139] [modloading-worker-0/INFO] [Veil/]: Veil is initializing.
[29Aug2026 21:20:52.144] [modloading-worker-0/INFO] [Create Deco/]: Populating connected texture maps...
[29Aug2026 21:20:52.457] [modloading-worker-0/INFO] [dev.su5ed.sinytra.connectorextras.terrablenderbridge.TerraBlenderBridge/]: Injecting TerraBlender API classes
[29Aug2026 21:20:52.458] [modloading-worker-0/WARN] [dev.su5ed.sinytra.connectorextras.util.HackyModuleInjector/]: Module terrablender is not present, skipping class injection
[29Aug2026 21:20:52.580] [modloading-worker-0/INFO] [com.iafenvoy.jupiter.Jupiter/]: Config spec system detected, register to Jupiter Config System.
[29Aug2026 21:20:52.583] [modloading-worker-0/INFO] [com.iafenvoy.jupiter.Jupiter/]: Cloth Config API detected, register to Jupiter Config System.
[29Aug2026 21:20:52.640] [modloading-worker-0/INFO] [Create: Trading Floor/]: Registering all Create: Trading Floor entries
[29Aug2026 21:20:52.641] [modloading-worker-0/INFO] [Create: Trading Floor/]: Registering Particle Emitters for: Create: Trading Floor
[29Aug2026 21:20:52.643] [modloading-worker-0/INFO] [Create: Trading Floor/]: Registering Particle Emitters for: Create: Trading Floor
[29Aug2026 21:20:52.656] [modloading-worker-0/INFO] [Create: Trading Floor/]: Finished Initialisation For Mod: trading_floor
[29Aug2026 21:20:52.733] [modloading-worker-0/INFO] [net.nuclearteam.createnuclear.CreateNuclear/]: createnuclear 6.0.10 initializing! Commit hash: ac0c444d9828da3453ae8cc65338e8de063286fb
[29Aug2026 21:20:52.735] [modloading-worker-0/INFO] [net.nuclearteam.createnuclear.CreateNuclear/]: Registering mod tags for createnuclear
[29Aug2026 21:20:52.796] [modloading-worker-0/INFO] [net.nuclearteam.createnuclear.CreateNuclear/]: Registering ModBlocks for createnuclear
[29Aug2026 21:20:53.278] [modloading-worker-0/INFO] [epicfight/]: Loaded mod compatibility module: CuriosCompat
[29Aug2026 21:20:53.459] [modloading-worker-0/INFO] [com.leclowndu93150.corpsecurioscompat.Main/]: Hello from Corpse Curios Compat!
[29Aug2026 21:20:53.987] [modloading-worker-0/WARN] [mixin/]: Discarding @Unique public method useItemOn in copycats-common.mixins.json:copycat.step.CopycatStepBlockMixin from mod copycats because it already exists in com.simibubi.create.content.decoration.copycat.CopycatStepBlock
[29Aug2026 21:20:54.009] [modloading-worker-0/WARN] [mixin/]: Discarding @Unique public method onLoad in copycats-common.mixins.json:foundation.copycat.CopycatBlockEntityMixin from mod copycats because it already exists in com.simibubi.create.content.decoration.copycat.CopycatBlockEntity
[29Aug2026 21:20:54.017] [modloading-worker-0/WARN] [mixin/]: Discarding @Unique public method useItemOn in copycats-common.mixins.json:copycat.panel.CopycatPanelBlockMixin from mod copycats because it already exists in com.simibubi.create.content.decoration.copycat.CopycatPanelBlock
[29Aug2026 21:20:54.017] [modloading-worker-0/WARN] [mixin/]: Discarding @Unique public method mirror in copycats-common.mixins.json:copycat.panel.CopycatPanelBlockMixin from mod copycats because it already exists in com.simibubi.create.content.decoration.copycat.CopycatPanelBlock
[29Aug2026 21:20:54.017] [modloading-worker-0/WARN] [mixin/]: Discarding @Unique public method rotate in copycats-common.mixins.json:copycat.panel.CopycatPanelBlockMixin from mod copycats because it already exists in com.simibubi.create.content.decoration.copycat.CopycatPanelBlock
[29Aug2026 21:20:54.112] [modloading-worker-0/INFO] [com.simibubi.create.Create/]: Create 6.0.10 initializing! Commit hash: ac0c444d9828da3453ae8cc65338e8de063286fb
[29Aug2026 21:20:54.186] [modloading-worker-0/INFO] [thedarkcolour.kotlinforforge.neoforge.test.KotlinForForge/]: Kotlin For Forge Enabled!
[29Aug2026 21:20:54.255] [modloading-worker-0/INFO] [xaero.common.HudMod/]: Registering common data for channel xaerominimap:main!
[29Aug2026 21:20:54.298] [modloading-worker-0/INFO] [xaero.common.HudMod/]: Loading primary common config for channel xaerominimap:main!
[29Aug2026 21:20:54.302] [modloading-worker-0/INFO] [xaero.common.HudMod/]: Loading server config profiles for channel xaerominimap:main!
[29Aug2026 21:20:54.493] [modloading-worker-0/INFO] [Puzzles Lib/]: Constructing components for puzzleslib:common
[29Aug2026 21:20:54.681] [modloading-worker-0/WARN] [net.minecraft.server.packs.VanillaPackResourcesBuilder/]: Assets URL 'union:/workspaces/create-a/servidor_minecraft/libraries/net/minecraft/server/1.21.1-20240808.144430/server-1.21.1-20240808.144430-srg.jar%23239!/assets/.mcassetsroot' uses unexpected schema
[29Aug2026 21:20:54.681] [modloading-worker-0/WARN] [net.minecraft.server.packs.VanillaPackResourcesBuilder/]: Assets URL 'union:/workspaces/create-a/servidor_minecraft/libraries/net/minecraft/server/1.21.1-20240808.144430/server-1.21.1-20240808.144430-srg.jar%23239!/data/.mcassetsroot' uses unexpected schema
[29Aug2026 21:20:55.440] [modloading-worker-0/INFO] [xaero.map.WorldMap/]: Registering common data for channel xaeroworldmap:main!
[29Aug2026 21:20:55.451] [modloading-worker-0/INFO] [xaero.map.WorldMap/]: Loading primary common config for channel xaeroworldmap:main!
[29Aug2026 21:20:55.454] [modloading-worker-0/INFO] [xaero.map.WorldMap/]: Loading server config profiles for channel xaeroworldmap:main!
[29Aug2026 21:20:55.954] [modloading-worker-0/INFO] [createstructuresarise.CreateStructuresAriseMod/]: Registered Create Structures Arise gameplay config at /workspaces/create-a/servidor_minecraft/config/create_structures_arise-server.toml
[29Aug2026 21:20:56.610] [modloading-worker-0/INFO] [Puzzles Lib/]: Constructing components for hangglider:common
[29Aug2026 21:20:56.773] [modloading-worker-0/INFO] [com.kipti.bnb.CreateBitsnBobs/]: Bits 'n' Bobs is present!
[29Aug2026 21:20:56.774] [modloading-worker-0/INFO] [dev.ryanhcode.sable.Sable/]: Sable loaded!
[29Aug2026 21:20:56.774] [modloading-worker-0/INFO] [com.kipti.bnb.CreateBitsnBobs/]: Sorry for the disruption if any, I do poke around with the graphics of other mods
[29Aug2026 21:20:56.776] [modloading-worker-0/WARN] [com.kipti.bnb.CreateBitsnBobs/]: Bits 'n' bobs is replacing assets inside Create: Design n' Decor with ones using the default cogwheel model instead of the modified cogwheel model, this may cause some visual inconsitency!
[29Aug2026 21:20:56.900] [modloading-worker-0/INFO] [owo/]: yes this is a tip
[29Aug2026 21:20:56.903] [modloading-worker-0/INFO] [com.example.cr_aero_structures.cr_aero_structures/]: Мод Create Aeronautics Structures загружается!
[29Aug2026 21:20:56.908] [modloading-worker-0/WARN] [mixin/]: Discarding @Unique public method rotate in copycats-neoforge.mixins.json:foundation.copycat.CopycatBlockMixin from mod copycats because it already exists in com.copycatsplus.copycats.content.copycat.door.CopycatDoorBlock
[29Aug2026 21:20:56.909] [modloading-worker-0/WARN] [mixin/]: Discarding @Unique public method mirror in copycats-neoforge.mixins.json:foundation.copycat.CopycatBlockMixin from mod copycats because it already exists in com.copycatsplus.copycats.content.copycat.door.CopycatDoorBlock
[29Aug2026 21:20:56.911] [modloading-worker-0/WARN] [mixin/]: Discarding @Unique public method useItemOn in copycats-neoforge.mixins.json:foundation.copycat.CopycatBlockMixin from mod copycats because it already exists in com.copycatsplus.copycats.content.copycat.door.CopycatDoorBlock
[29Aug2026 21:20:56.911] [modloading-worker-0/WARN] [mixin/]: Discarding @Unique public method useWithoutItem in copycats-neoforge.mixins.json:foundation.copycat.CopycatBlockMixin from mod copycats because it already exists in com.copycatsplus.copycats.content.copycat.door.CopycatDoorBlock
[29Aug2026 21:20:56.920] [modloading-worker-0/WARN] [mixin/]: Discarding @Unique public method rotate in copycats-neoforge.mixins.json:foundation.copycat.CopycatBlockMixin from mod copycats because it already exists in com.copycatsplus.copycats.content.copycat.fluid_pipe.CopycatGlassFluidPipeBlock
[29Aug2026 21:20:56.920] [modloading-worker-0/WARN] [mixin/]: Discarding @Unique public method mirror in copycats-neoforge.mixins.json:foundation.copycat.CopycatBlockMixin from mod copycats because it already exists in com.copycatsplus.copycats.content.copycat.fluid_pipe.CopycatGlassFluidPipeBlock
[29Aug2026 21:20:56.921] [modloading-worker-0/WARN] [mixin/]: Discarding @Unique public method useItemOn in copycats-neoforge.mixins.json:foundation.copycat.CopycatBlockMixin from mod copycats because it already exists in com.copycatsplus.copycats.content.copycat.fluid_pipe.CopycatGlassFluidPipeBlock
[29Aug2026 21:20:56.921] [modloading-worker-0/WARN] [mixin/]: Discarding @Unique public method useWithoutItem in copycats-neoforge.mixins.json:foundation.copycat.CopycatBlockMixin from mod copycats because it already exists in com.copycatsplus.copycats.content.copycat.fluid_pipe.CopycatGlassFluidPipeBlock
[29Aug2026 21:20:56.935] [modloading-worker-0/WARN] [mixin/]: Discarding @Unique public method rotate in copycats-neoforge.mixins.json:foundation.copycat.multistate.MultiStateCopycatBlockMixin from mod copycats because it already exists in com.copycatsplus.copycats.foundation.copycat.multistate.MultiStateCopycatBlock
[29Aug2026 21:20:56.935] [modloading-worker-0/WARN] [mixin/]: Discarding @Unique public method mirror in copycats-neoforge.mixins.json:foundation.copycat.multistate.MultiStateCopycatBlockMixin from mod copycats because it already exists in com.copycatsplus.copycats.foundation.copycat.multistate.MultiStateCopycatBlock
[29Aug2026 21:20:56.935] [modloading-worker-0/WARN] [mixin/]: Discarding @Unique public method useItemOn in copycats-neoforge.mixins.json:foundation.copycat.multistate.MultiStateCopycatBlockMixin from mod copycats because it already exists in com.copycatsplus.copycats.foundation.copycat.multistate.MultiStateCopycatBlock
[29Aug2026 21:20:56.935] [modloading-worker-0/WARN] [mixin/]: Discarding @Unique public method useWithoutItem in copycats-neoforge.mixins.json:foundation.copycat.multistate.MultiStateCopycatBlockMixin from mod copycats because it already exists in com.copycatsplus.copycats.foundation.copycat.multistate.MultiStateCopycatBlock
[29Aug2026 21:20:56.953] [modloading-worker-0/WARN] [mixin/]: Discarding @Unique public method rotate in copycats-neoforge.mixins.json:foundation.copycat.CopycatBlockMixin from mod copycats because it already exists in com.copycatsplus.copycats.content.copycat.sliding_door.CopycatSlidingDoorBlock
[29Aug2026 21:20:56.954] [modloading-worker-0/WARN] [mixin/]: Discarding @Unique public method mirror in copycats-neoforge.mixins.json:foundation.copycat.CopycatBlockMixin from mod copycats because it already exists in com.copycatsplus.copycats.content.copycat.sliding_door.CopycatSlidingDoorBlock
[29Aug2026 21:20:56.954] [modloading-worker-0/WARN] [mixin/]: Discarding @Unique public method useItemOn in copycats-neoforge.mixins.json:foundation.copycat.CopycatBlockMixin from mod copycats because it already exists in com.copycatsplus.copycats.content.copycat.sliding_door.CopycatSlidingDoorBlock
[29Aug2026 21:20:56.954] [modloading-worker-0/WARN] [mixin/]: Discarding @Unique public method useWithoutItem in copycats-neoforge.mixins.json:foundation.copycat.CopycatBlockMixin from mod copycats because it already exists in com.copycatsplus.copycats.content.copycat.sliding_door.CopycatSlidingDoorBlock
[29Aug2026 21:20:56.964] [modloading-worker-0/WARN] [mixin/]: Discarding @Unique public method rotate in copycats-neoforge.mixins.json:foundation.copycat.CopycatBlockMixin from mod copycats because it already exists in com.copycatsplus.copycats.foundation.copycat.CCCopycatBlock
[29Aug2026 21:20:56.964] [modloading-worker-0/WARN] [mixin/]: Discarding @Unique public method mirror in copycats-neoforge.mixins.json:foundation.copycat.CopycatBlockMixin from mod copycats because it already exists in com.copycatsplus.copycats.foundation.copycat.CCCopycatBlock
[29Aug2026 21:20:56.965] [modloading-worker-0/WARN] [mixin/]: Discarding @Unique public method useItemOn in copycats-neoforge.mixins.json:foundation.copycat.CopycatBlockMixin from mod copycats because it already exists in com.copycatsplus.copycats.foundation.copycat.CCCopycatBlock
[29Aug2026 21:20:56.965] [modloading-worker-0/WARN] [mixin/]: Discarding @Unique public method useWithoutItem in copycats-neoforge.mixins.json:foundation.copycat.CopycatBlockMixin from mod copycats because it already exists in com.copycatsplus.copycats.foundation.copycat.CCCopycatBlock
[29Aug2026 21:20:57.001] [modloading-worker-0/WARN] [mixin/]: Discarding @Unique public method rotate in copycats-neoforge.mixins.json:foundation.copycat.CopycatBlockMixin from mod copycats because it already exists in com.copycatsplus.copycats.content.copycat.button.CopycatButtonBlock
[29Aug2026 21:20:57.002] [modloading-worker-0/WARN] [mixin/]: Discarding @Unique public method mirror in copycats-neoforge.mixins.json:foundation.copycat.CopycatBlockMixin from mod copycats because it already exists in com.copycatsplus.copycats.content.copycat.button.CopycatButtonBlock
[29Aug2026 21:20:57.002] [modloading-worker-0/WARN] [mixin/]: Discarding @Unique public method useItemOn in copycats-neoforge.mixins.json:foundation.copycat.CopycatBlockMixin from mod copycats because it already exists in com.copycatsplus.copycats.content.copycat.button.CopycatButtonBlock
[29Aug2026 21:20:57.002] [modloading-worker-0/WARN] [mixin/]: Discarding @Unique public method useWithoutItem in copycats-neoforge.mixins.json:foundation.copycat.CopycatBlockMixin from mod copycats because it already exists in com.copycatsplus.copycats.content.copycat.button.CopycatButtonBlock
[29Aug2026 21:20:57.024] [modloading-worker-0/WARN] [mixin/]: Discarding @Unique public method rotate in copycats-neoforge.mixins.json:foundation.copycat.CopycatBlockMixin from mod copycats because it already exists in com.copycatsplus.copycats.content.copycat.fence.CopycatFenceBlock
[29Aug2026 21:20:57.024] [modloading-worker-0/WARN] [mixin/]: Discarding @Unique public method mirror in copycats-neoforge.mixins.json:foundation.copycat.CopycatBlockMixin from mod copycats because it already exists in com.copycatsplus.copycats.content.copycat.fence.CopycatFenceBlock
[29Aug2026 21:20:57.024] [modloading-worker-0/WARN] [mixin/]: Discarding @Unique public method useItemOn in copycats-neoforge.mixins.json:foundation.copycat.CopycatBlockMixin from mod copycats because it already exists in com.copycatsplus.copycats.content.copycat.fence.CopycatFenceBlock
[29Aug2026 21:20:57.024] [modloading-worker-0/WARN] [mixin/]: Discarding @Unique public method useWithoutItem in copycats-neoforge.mixins.json:foundation.copycat.CopycatBlockMixin from mod copycats because it already exists in com.copycatsplus.copycats.content.copycat.fence.CopycatFenceBlock
[29Aug2026 21:20:57.036] [modloading-worker-0/WARN] [mixin/]: Discarding @Unique public method rotate in copycats-neoforge.mixins.json:foundation.copycat.CopycatBlockMixin from mod copycats because it already exists in com.copycatsplus.copycats.content.copycat.fence_gate.CopycatFenceGateBlock
[29Aug2026 21:20:57.037] [modloading-worker-0/WARN] [mixin/]: Discarding @Unique public method mirror in copycats-neoforge.mixins.json:foundation.copycat.CopycatBlockMixin from mod copycats because it already exists in com.copycatsplus.copycats.content.copycat.fence_gate.CopycatFenceGateBlock
[29Aug2026 21:20:57.037] [modloading-worker-0/WARN] [mixin/]: Discarding @Unique public method useItemOn in copycats-neoforge.mixins.json:foundation.copycat.CopycatBlockMixin from mod copycats because it already exists in com.copycatsplus.copycats.content.copycat.fence_gate.CopycatFenceGateBlock
[29Aug2026 21:20:57.037] [modloading-worker-0/WARN] [mixin/]: Discarding @Unique public method useWithoutItem in copycats-neoforge.mixins.json:foundation.copycat.CopycatBlockMixin from mod copycats because it already exists in com.copycatsplus.copycats.content.copycat.fence_gate.CopycatFenceGateBlock
[29Aug2026 21:20:57.066] [modloading-worker-0/INFO] [com.maxenonyme.AbyssDimension.CreateAbyss/]: Create Abyss is in development, content disabled in production
[29Aug2026 21:20:57.067] [modloading-worker-0/WARN] [mixin/]: Discarding @Unique public method rotate in copycats-neoforge.mixins.json:foundation.copycat.CopycatBlockMixin from mod copycats because it already exists in com.copycatsplus.copycats.content.copycat.ladder.CopycatLadderBlock
[29Aug2026 21:20:57.067] [modloading-worker-0/WARN] [mixin/]: Discarding @Unique public method mirror in copycats-neoforge.mixins.json:foundation.copycat.CopycatBlockMixin from mod copycats because it already exists in com.copycatsplus.copycats.content.copycat.ladder.CopycatLadderBlock
[29Aug2026 21:20:57.067] [modloading-worker-0/WARN] [mixin/]: Discarding @Unique public method useItemOn in copycats-neoforge.mixins.json:foundation.copycat.CopycatBlockMixin from mod copycats because it already exists in com.copycatsplus.copycats.content.copycat.ladder.CopycatLadderBlock
[29Aug2026 21:20:57.068] [modloading-worker-0/WARN] [mixin/]: Discarding @Unique public method useWithoutItem in copycats-neoforge.mixins.json:foundation.copycat.CopycatBlockMixin from mod copycats because it already exists in com.copycatsplus.copycats.content.copycat.ladder.CopycatLadderBlock
[29Aug2026 21:20:57.074] [modloading-worker-0/INFO] [Create: Interiors/]: Create: Interiors v0.6.1 initializing! Create version: 6.0.10 on platform: NeoForge
[29Aug2026 21:20:57.083] [modloading-worker-0/WARN] [mixin/]: Discarding @Unique public method rotate in copycats-neoforge.mixins.json:foundation.copycat.CopycatBlockMixin from mod copycats because it already exists in com.copycatsplus.copycats.content.copycat.pressure_plate.CopycatPressurePlateBlock
[29Aug2026 21:20:57.087] [modloading-worker-0/WARN] [mixin/]: Discarding @Unique public method mirror in copycats-neoforge.mixins.json:foundation.copycat.CopycatBlockMixin from mod copycats because it already exists in com.copycatsplus.copycats.content.copycat.pressure_plate.CopycatPressurePlateBlock
[29Aug2026 21:20:57.087] [modloading-worker-0/WARN] [mixin/]: Discarding @Unique public method useItemOn in copycats-neoforge.mixins.json:foundation.copycat.CopycatBlockMixin from mod copycats because it already exists in com.copycatsplus.copycats.content.copycat.pressure_plate.CopycatPressurePlateBlock
[29Aug2026 21:20:57.087] [modloading-worker-0/WARN] [mixin/]: Discarding @Unique public method useWithoutItem in copycats-neoforge.mixins.json:foundation.copycat.CopycatBlockMixin from mod copycats because it already exists in com.copycatsplus.copycats.content.copycat.pressure_plate.CopycatPressurePlateBlock
[29Aug2026 21:20:57.093] [modloading-worker-0/WARN] [mixin/]: Discarding @Unique public method rotate in copycats-neoforge.mixins.json:foundation.copycat.CopycatBlockMixin from mod copycats because it already exists in com.copycatsplus.copycats.content.copycat.pressure_plate.CopycatWeightedPressurePlate
[29Aug2026 21:20:57.093] [modloading-worker-0/WARN] [mixin/]: Discarding @Unique public method mirror in copycats-neoforge.mixins.json:foundation.copycat.CopycatBlockMixin from mod copycats because it already exists in com.copycatsplus.copycats.content.copycat.pressure_plate.CopycatWeightedPressurePlate
[29Aug2026 21:20:57.094] [modloading-worker-0/WARN] [mixin/]: Discarding @Unique public method useItemOn in copycats-neoforge.mixins.json:foundation.copycat.CopycatBlockMixin from mod copycats because it already exists in com.copycatsplus.copycats.content.copycat.pressure_plate.CopycatWeightedPressurePlate
[29Aug2026 21:20:57.094] [modloading-worker-0/WARN] [mixin/]: Discarding @Unique public method useWithoutItem in copycats-neoforge.mixins.json:foundation.copycat.CopycatBlockMixin from mod copycats because it already exists in com.copycatsplus.copycats.content.copycat.pressure_plate.CopycatWeightedPressurePlate
[29Aug2026 21:20:57.103] [modloading-worker-0/WARN] [mixin/]: Discarding @Unique public method rotate in copycats-neoforge.mixins.json:foundation.copycat.CopycatBlockMixin from mod copycats because it already exists in com.copycatsplus.copycats.content.copycat.stairs.CopycatStairsBlock
[29Aug2026 21:20:57.103] [modloading-worker-0/WARN] [mixin/]: Discarding @Unique public method mirror in copycats-neoforge.mixins.json:foundation.copycat.CopycatBlockMixin from mod copycats because it already exists in com.copycatsplus.copycats.content.copycat.stairs.CopycatStairsBlock
[29Aug2026 21:20:57.103] [modloading-worker-0/WARN] [mixin/]: Discarding @Unique public method useItemOn in copycats-neoforge.mixins.json:foundation.copycat.CopycatBlockMixin from mod copycats because it already exists in com.copycatsplus.copycats.content.copycat.stairs.CopycatStairsBlock
[29Aug2026 21:20:57.103] [modloading-worker-0/WARN] [mixin/]: Discarding @Unique public method useWithoutItem in copycats-neoforge.mixins.json:foundation.copycat.CopycatBlockMixin from mod copycats because it already exists in com.copycatsplus.copycats.content.copycat.stairs.CopycatStairsBlock
[29Aug2026 21:20:57.118] [modloading-worker-0/WARN] [mixin/]: Discarding @Unique public method rotate in copycats-neoforge.mixins.json:foundation.copycat.CopycatBlockMixin from mod copycats because it already exists in com.copycatsplus.copycats.content.copycat.trapdoor.CopycatTrapdoorBlock
[29Aug2026 21:20:57.119] [modloading-worker-0/WARN] [mixin/]: Discarding @Unique public method mirror in copycats-neoforge.mixins.json:foundation.copycat.CopycatBlockMixin from mod copycats because it already exists in com.copycatsplus.copycats.content.copycat.trapdoor.CopycatTrapdoorBlock
[29Aug2026 21:20:57.119] [modloading-worker-0/WARN] [mixin/]: Discarding @Unique public method useItemOn in copycats-neoforge.mixins.json:foundation.copycat.CopycatBlockMixin from mod copycats because it already exists in com.copycatsplus.copycats.content.copycat.trapdoor.CopycatTrapdoorBlock
[29Aug2026 21:20:57.119] [modloading-worker-0/WARN] [mixin/]: Discarding @Unique public method useWithoutItem in copycats-neoforge.mixins.json:foundation.copycat.CopycatBlockMixin from mod copycats because it already exists in com.copycatsplus.copycats.content.copycat.trapdoor.CopycatTrapdoorBlock
[29Aug2026 21:20:57.129] [modloading-worker-0/WARN] [mixin/]: Discarding @Unique public method rotate in copycats-neoforge.mixins.json:foundation.copycat.CopycatBlockMixin from mod copycats because it already exists in com.copycatsplus.copycats.content.copycat.wall.CopycatWallBlock
[29Aug2026 21:20:57.129] [modloading-worker-0/WARN] [mixin/]: Discarding @Unique public method mirror in copycats-neoforge.mixins.json:foundation.copycat.CopycatBlockMixin from mod copycats because it already exists in com.copycatsplus.copycats.content.copycat.wall.CopycatWallBlock
[29Aug2026 21:20:57.129] [modloading-worker-0/WARN] [mixin/]: Discarding @Unique public method useItemOn in copycats-neoforge.mixins.json:foundation.copycat.CopycatBlockMixin from mod copycats because it already exists in com.copycatsplus.copycats.content.copycat.wall.CopycatWallBlock
[29Aug2026 21:20:57.129] [modloading-worker-0/WARN] [mixin/]: Discarding @Unique public method useWithoutItem in copycats-neoforge.mixins.json:foundation.copycat.CopycatBlockMixin from mod copycats because it already exists in com.copycatsplus.copycats.content.copycat.wall.CopycatWallBlock
[29Aug2026 21:20:57.143] [modloading-worker-0/WARN] [mixin/]: Discarding @Unique public method rotate in copycats-neoforge.mixins.json:foundation.copycat.CopycatBlockMixin from mod copycats because it already exists in com.copycatsplus.copycats.content.copycat.shaft.CopycatShaftBlock
[29Aug2026 21:20:57.143] [modloading-worker-0/WARN] [mixin/]: Discarding @Unique public method mirror in copycats-neoforge.mixins.json:foundation.copycat.CopycatBlockMixin from mod copycats because it already exists in com.copycatsplus.copycats.content.copycat.shaft.CopycatShaftBlock
[29Aug2026 21:20:57.143] [modloading-worker-0/WARN] [mixin/]: Discarding @Unique public method useItemOn in copycats-neoforge.mixins.json:foundation.copycat.CopycatBlockMixin from mod copycats because it already exists in com.copycatsplus.copycats.content.copycat.shaft.CopycatShaftBlock
[29Aug2026 21:20:57.144] [modloading-worker-0/WARN] [mixin/]: Discarding @Unique public method useWithoutItem in copycats-neoforge.mixins.json:foundation.copycat.CopycatBlockMixin from mod copycats because it already exists in com.copycatsplus.copycats.content.copycat.shaft.CopycatShaftBlock
[29Aug2026 21:20:57.151] [modloading-worker-0/WARN] [mixin/]: Discarding @Unique public method rotate in copycats-neoforge.mixins.json:foundation.copycat.multistate.MultiStateCopycatBlockMixin from mod copycats because it already exists in com.copycatsplus.copycats.content.copycat.cogwheel.CopycatCogWheelBlock
[29Aug2026 21:20:57.151] [modloading-worker-0/WARN] [mixin/]: Discarding @Unique public method mirror in copycats-neoforge.mixins.json:foundation.copycat.multistate.MultiStateCopycatBlockMixin from mod copycats because it already exists in com.copycatsplus.copycats.content.copycat.cogwheel.CopycatCogWheelBlock
[29Aug2026 21:20:57.151] [modloading-worker-0/WARN] [mixin/]: Discarding @Unique public method useItemOn in copycats-neoforge.mixins.json:foundation.copycat.multistate.MultiStateCopycatBlockMixin from mod copycats because it already exists in com.copycatsplus.copycats.content.copycat.cogwheel.CopycatCogWheelBlock
[29Aug2026 21:20:57.151] [modloading-worker-0/WARN] [mixin/]: Discarding @Unique public method useWithoutItem in copycats-neoforge.mixins.json:foundation.copycat.multistate.MultiStateCopycatBlockMixin from mod copycats because it already exists in com.copycatsplus.copycats.content.copycat.cogwheel.CopycatCogWheelBlock
[29Aug2026 21:20:57.173] [modloading-worker-0/WARN] [mixin/]: Discarding @Unique public method rotate in copycats-neoforge.mixins.json:foundation.copycat.CopycatBlockMixin from mod copycats because it already exists in com.copycatsplus.copycats.content.copycat.fluid_pipe.CopycatFluidPipeBlock
[29Aug2026 21:20:57.173] [modloading-worker-0/WARN] [mixin/]: Discarding @Unique public method mirror in copycats-neoforge.mixins.json:foundation.copycat.CopycatBlockMixin from mod copycats because it already exists in com.copycatsplus.copycats.content.copycat.fluid_pipe.CopycatFluidPipeBlock
[29Aug2026 21:20:57.173] [modloading-worker-0/WARN] [mixin/]: Discarding @Unique public method useItemOn in copycats-neoforge.mixins.json:foundation.copycat.CopycatBlockMixin from mod copycats because it already exists in com.copycatsplus.copycats.content.copycat.fluid_pipe.CopycatFluidPipeBlock
[29Aug2026 21:20:57.174] [modloading-worker-0/WARN] [mixin/]: Discarding @Unique public method useWithoutItem in copycats-neoforge.mixins.json:foundation.copycat.CopycatBlockMixin from mod copycats because it already exists in com.copycatsplus.copycats.content.copycat.fluid_pipe.CopycatFluidPipeBlock
[29Aug2026 21:20:57.186] [modloading-worker-0/WARN] [mixin/]: Discarding @Unique public method rotate in copycats-neoforge.mixins.json:foundation.copycat.CopycatBlockMixin from mod copycats because it already exists in com.copycatsplus.copycats.content.copycat.pane.CopycatPaneBlock
[29Aug2026 21:20:57.187] [modloading-worker-0/WARN] [mixin/]: Discarding @Unique public method mirror in copycats-neoforge.mixins.json:foundation.copycat.CopycatBlockMixin from mod copycats because it already exists in com.copycatsplus.copycats.content.copycat.pane.CopycatPaneBlock
[29Aug2026 21:20:57.187] [modloading-worker-0/WARN] [mixin/]: Discarding @Unique public method useItemOn in copycats-neoforge.mixins.json:foundation.copycat.CopycatBlockMixin from mod copycats because it already exists in com.copycatsplus.copycats.content.copycat.pane.CopycatPaneBlock
[29Aug2026 21:20:57.187] [modloading-worker-0/WARN] [mixin/]: Discarding @Unique public method useWithoutItem in copycats-neoforge.mixins.json:foundation.copycat.CopycatBlockMixin from mod copycats because it already exists in com.copycatsplus.copycats.content.copycat.pane.CopycatPaneBlock
[29Aug2026 21:20:57.202] [modloading-worker-0/WARN] [mixin/]: Discarding @Unique public method onLoad in copycats-neoforge.mixins.json:foundation.copycat.CopycatBlockEntityMixin from mod copycats because it already exists in com.copycatsplus.copycats.foundation.copycat.CCCopycatBlockEntity
[29Aug2026 21:20:57.206] [modloading-worker-0/WARN] [mixin/]: Discarding @Unique public method onLoad in copycats-neoforge.mixins.json:foundation.copycat.multistate.MultiStateCopycatBlockEntityMixin from mod copycats because it already exists in com.copycatsplus.copycats.foundation.copycat.multistate.MultiStateCopycatBlockEntity
[29Aug2026 21:20:57.210] [modloading-worker-0/WARN] [mixin/]: Discarding @Unique public method onLoad in copycats-neoforge.mixins.json:foundation.copycat.CopycatBlockEntityMixin from mod copycats because it already exists in com.copycatsplus.copycats.content.copycat.shaft.CopycatShaftBlockEntity
[29Aug2026 21:20:57.213] [modloading-worker-0/WARN] [mixin/]: Discarding @Unique public method onLoad in copycats-neoforge.mixins.json:foundation.copycat.multistate.MultiStateCopycatBlockEntityMixin from mod copycats because it already exists in com.copycatsplus.copycats.content.copycat.cogwheel.CopycatCogWheelBlockEntity
[29Aug2026 21:20:57.215] [modloading-worker-0/WARN] [mixin/]: Discarding @Unique public method onLoad in copycats-neoforge.mixins.json:foundation.copycat.CopycatBlockEntityMixin from mod copycats because it already exists in com.copycatsplus.copycats.content.copycat.fluid_pipe.CopycatFluidPipeBlockEntity
[29Aug2026 21:20:57.218] [modloading-worker-0/WARN] [mixin/]: Discarding @Unique public method onLoad in copycats-neoforge.mixins.json:foundation.copycat.CopycatBlockEntityMixin from mod copycats because it already exists in com.copycatsplus.copycats.content.copycat.fluid_pipe.CopycatStraightPipeBlockEntity
[29Aug2026 21:20:57.221] [modloading-worker-0/WARN] [mixin/]: Discarding @Unique public method onLoad in copycats-neoforge.mixins.json:foundation.copycat.CopycatBlockEntityMixin from mod copycats because it already exists in com.copycatsplus.copycats.content.copycat.sliding_door.CopycatSlidingDoorBlockEntity
[29Aug2026 21:20:57.222] [modloading-worker-0/INFO] [fzzy_config/]: Loaded config adorablehamsterpets:root in 346ms
[29Aug2026 21:20:57.229] [modloading-worker-0/INFO] [xaero.lib.XaeroLib/]: Registering common data for channel xaerolib:main!
[29Aug2026 21:20:57.230] [modloading-worker-0/INFO] [xaero.lib.XaeroLib/]: Loading primary common config for channel xaerolib:main!
[29Aug2026 21:20:57.231] [modloading-worker-0/INFO] [xaero.lib.XaeroLib/]: Loading server config profiles for channel xaerolib:main!
[29Aug2026 21:20:57.320] [modloading-worker-0/INFO] [net.blay09.mods.balm.neoforge.config.NeoForgeBalmConfig/]: Registering config for waystones:common (COMMON) with 38 properties.
[29Aug2026 21:20:57.352] [modloading-worker-0/INFO] [fzzy_config/]: Loaded config adorablehamsterpets:supporter_perks in 91ms
[29Aug2026 21:20:57.470] [modloading-worker-0/INFO] [com.sshakusora.waystonessable.WaystonesSable/]: Registered Create attached-block check for Waystone upper/lower halves; Create Aeronautics block discovery can now keep both halves in one Sable SubLevel.
[29Aug2026 21:20:57.627] [modloading-worker-0/INFO] [dev.averageanime.neoforge.CreateFood/]: Create: Food - Registering Items
[29Aug2026 21:20:57.673] [modloading-worker-0/INFO] [be.florens.expandability.ExpandAbility/]: ExpandAbility here, who dis?
[29Aug2026 21:20:57.940] [modloading-worker-0/INFO] [fzzy_config/]: Loaded config adorablehamsterpets:main in 554ms
[29Aug2026 21:20:58.035] [modloading-worker-0/INFO] [fzzy_config/]: Loaded config adorablehamsterpets:items in 90ms
[29Aug2026 21:20:58.188] [modloading-worker-0/INFO] [fzzy_config/]: Loaded config adorablehamsterpets:ui in 146ms
[29Aug2026 21:20:58.389] [modloading-worker-0/INFO] [fzzy_config/]: Loaded config adorablehamsterpets:worldgen in 197ms
[29Aug2026 21:20:58.411] [modloading-worker-0/INFO] [fzzy_config/]: Loaded config simplyswords:general in 143ms
[29Aug2026 21:20:58.433] [modloading-worker-0/INFO] [fzzy_config/]: Loaded config simplyswords:gui in 17ms
[29Aug2026 21:20:58.444] [modloading-worker-0/INFO] [adorablehamsterpets/]: Registering Mod Criteria for adorablehamsterpets
[29Aug2026 21:20:58.735] [modloading-worker-0/INFO] [fzzy_config/]: Loaded config simplytooltips:config in 247ms
[29Aug2026 21:20:58.737] [modloading-worker-0/INFO] [simplytooltips/]: SimplyTooltips config loaded: simplytooltips:config
[29Aug2026 21:20:58.756] [modloading-worker-0/INFO] [dev.averageanime.neoforge.CreateFood/]: Create: Food - Registering Fluids
[29Aug2026 21:20:58.760] [modloading-worker-0/INFO] [dev.averageanime.neoforge.CreateFood/]: Create: Food - Registering Blocks
[29Aug2026 21:20:58.766] [modloading-worker-0/INFO] [creategoggles/]: CreateGoggles init
[29Aug2026 21:20:58.768] [modloading-worker-0/INFO] [creategoggles/]: cgitems
[29Aug2026 21:20:58.779] [modloading-worker-0/INFO] [creategoggles/]: cgblockentities
[29Aug2026 21:20:58.780] [modloading-worker-0/INFO] [creategoggles/]: ResourceKey[minecraft:trim_pattern / creategoggles:goggle]
[29Aug2026 21:20:58.780] [modloading-worker-0/INFO] [creategoggles/]: ResourceKey[minecraft:trim_material / creategoggles:goggle_material]
[29Aug2026 21:20:58.781] [modloading-worker-0/INFO] [creategoggles/]: ResourceKey[minecraft:root / minecraft:trim_pattern]
[29Aug2026 21:20:58.783] [modloading-worker-0/INFO] [dev.averageanime.neoforge.CreateFood/]: Create: Food - Registering Display Blocks
[29Aug2026 21:20:58.784] [modloading-worker-0/INFO] [creategoggles/]: CGItemModifiers register false
[29Aug2026 21:20:58.804] [modloading-worker-0/INFO] [creategoggles/]: CreateGogglesForge init
[29Aug2026 21:20:58.818] [modloading-worker-0/INFO] [dev.averageanime.neoforge.CreateFood/]: Create: Food - Registering Creative Tabs (Items + Fluids)
[29Aug2026 21:20:58.819] [modloading-worker-0/INFO] [dev.averageanime.neoforge.CreateFood/]: Create: Food - Registering Creative Tabs (Display Blocks)
[29Aug2026 21:20:59.107] [modloading-worker-0/INFO] [fzzy_config/]: Loaded config simplyswords:gem_powers in 601ms
[29Aug2026 21:20:59.112] [modloading-worker-0/INFO] [fzzy_config/]: Loaded config simplyswords:status_effects in 3ms
[29Aug2026 21:20:59.239] [modloading-worker-0/INFO] [fzzy_config/]: Loaded config simplyswords:weapon_attributes in 123ms
[29Aug2026 21:20:59.892] [modloading-worker-0/INFO] [fzzy_config/]: Loaded config simplyswords:unique_effects in 585ms
[29Aug2026 21:20:59.950] [modloading-worker-0/INFO] [fzzy_config/]: Loaded config simplyswords:compatibility in 38ms
[29Aug2026 21:21:00.177] [modloading-sync-worker/INFO] [wover-core/]: Processing wover.datapack.registry Entrypoints
[29Aug2026 21:21:00.178] [modloading-sync-worker/INFO] [wover-core/]:     - Processing Entrypoint: org.betterx.wover.entrypoint.StructureDatapackRegistryEntrypoint
[29Aug2026 21:21:00.180] [modloading-sync-worker/INFO] [wover-core/]:     - Processing Entrypoint: org.betterx.wover.entrypoint.BiomeDatapackRegistryEntrypoint
[29Aug2026 21:21:00.180] [modloading-sync-worker/INFO] [wover-core/]:     - Processing Entrypoint: org.betterx.wover.entrypoint.ItemDatapackRegistryEntrypoint
[29Aug2026 21:21:00.180] [modloading-sync-worker/INFO] [wover-core/]:     - Processing Entrypoint: org.betterx.wover.entrypoint.FeatureDatapackRegistryEntrypoint
[29Aug2026 21:21:00.181] [modloading-sync-worker/INFO] [wover-core/]:     - Processing Entrypoint: org.betterx.wover.entrypoint.SurfaceDatapackRegistryEntrypoint
[29Aug2026 21:21:00.182] [modloading-sync-worker/INFO] [org.sinytra.connector.mod.ConnectorMod/]: Detected changes in WORLDGEN_REGISTRIES, updating NeoForge references
[29Aug2026 21:21:03.128] [modloading-sync-worker/INFO] [Create: Trading Floor/]: Registering Advancements for: Create: Trading Floor
[29Aug2026 21:21:16.308] [modloading-sync-worker/INFO] [epicfight/]: Data keys [epicfight:combo_counter] for epicfight:combo_attacks
[29Aug2026 21:21:16.309] [modloading-sync-worker/INFO] [epicfight/]: Data keys [epicfight:penalty_restore_counter, epicfight:penalty] for epicfight:guard
[29Aug2026 21:21:16.309] [modloading-sync-worker/INFO] [epicfight/]: Data keys [epicfight:penalty_restore_counter, epicfight:penalty] for epicfight:impact_guard
[29Aug2026 21:21:16.309] [modloading-sync-worker/INFO] [epicfight/]: Data keys [epicfight:last_active, epicfight:penalty_restore_counter, epicfight:penalty, epicfight:parry_motion_counter] for epicfight:parrying
[29Aug2026 21:21:16.309] [modloading-sync-worker/INFO] [epicfight/]: Data keys [epicfight:resisting_damage_type, epicfight:stacks, epicfight:tick_record] for epicfight:adaptive_skin
[29Aug2026 21:21:16.309] [modloading-sync-worker/INFO] [epicfight/]: Data keys [epicfight:tick_record] for epicfight:adrenaline_fiend
[29Aug2026 21:21:16.309] [modloading-sync-worker/INFO] [epicfight/]: Data keys [epicfight:entity_id, epicfight:stacks] for epicfight:bonebreaker
[29Aug2026 21:21:16.309] [modloading-sync-worker/INFO] [epicfight/]: Data keys [epicfight:entity_id, epicfight:tick_record] for epicfight:vengeance
[29Aug2026 21:21:16.309] [modloading-sync-worker/INFO] [epicfight/]: Data keys [epicfight:slam_protect_next_fall, epicfight:fall_distance] for epicfight:meteor_slam
[29Aug2026 21:21:16.309] [modloading-sync-worker/INFO] [epicfight/]: Data keys [epicfight:stacks] for epicfight:revelation
[29Aug2026 21:21:16.310] [modloading-sync-worker/INFO] [epicfight/]: Data keys [epicfight:slam_protect_next_fall] for epicfight:demolition_leap
[29Aug2026 21:21:16.310] [modloading-sync-worker/INFO] [epicfight/]: Data keys [epicfight:jump_count, epicfight:slam_protect_next_fall, epicfight:jump_key_pressed_last_tick] for epicfight:phantom_ascent
[29Aug2026 21:21:16.310] [modloading-sync-worker/INFO] [epicfight/]: Data keys [epicfight:last_hit_count] for epicfight:grasping_spire
[29Aug2026 21:21:16.310] [modloading-sync-worker/INFO] [epicfight/]: Data keys [epicfight:sheath] for epicfight:battojutsu
[29Aug2026 21:21:16.310] [modloading-sync-worker/INFO] [epicfight/]: Data keys [epicfight:combo_counter] for epicfight:blade_rush
[29Aug2026 21:21:16.310] [modloading-sync-worker/INFO] [epicfight/]: Data keys [epicfight:thrown_trident_entity_id] for epicfight:everlasting_allegiance
[29Aug2026 21:21:16.310] [modloading-sync-worker/INFO] [epicfight/]: Data keys [epicfight:sheath] for epicfight:battojutsu_passive
[29Aug2026 21:21:16.440] [modloading-sync-worker/INFO] [createstructuresarise.CreateStructuresAriseMod/]: Create Structures Arise config loaded from /workspaces/create-a/servidor_minecraft/config/create_structures_arise-server.toml. This NeoForge COMMON config is the active gameplay config on dedicated servers.
[29Aug2026 21:21:16.444] [modloading-sync-worker/INFO] [createstructuresarise.CreateStructuresAriseMod/]: Validated Create Structures Arise config from Forge loaded at /workspaces/create-a/servidor_minecraft/config/create_structures_arise-server.toml
[29Aug2026 21:21:16.476] [NeoForge Version Check/INFO] [net.neoforged.fml.VersionChecker/]: [create_jetpack] Starting version check at https://api.modrinth.com/updates/create-jetpack/forge_updates.json?neoforge=only
[29Aug2026 21:21:16.519] [modloading-worker-0/INFO] [pipesnphysics/]: Common setup...
[29Aug2026 21:21:16.548] [modloading-worker-0/INFO] [net.swzo.createsa_tank_fix.CreateSATankFix/]: Starting Create SA Tank Fix setup...
[29Aug2026 21:21:16.553] [modloading-worker-0/INFO] [sh.rsap.aeronauticscompat.AeronauticsCompat/]: [AeronauticsCompat] Sable=true Etched=false WaterFrames=false Citadel=true
[29Aug2026 21:21:16.553] [modloading-worker-0/INFO] [net.swzo.createsa_tank_fix.CreateSATankFix/]: [CreateSATankFix] Loaded Create SA tank capacities from config: S=800, M=1600, L=3200
[29Aug2026 21:21:16.574] [modloading-worker-0/INFO] [fzzy_config/]: Loaded config immersive_paintings:common_config in 15ms
[29Aug2026 21:21:16.583] [modloading-worker-0/INFO] [fzzy_config/]: Loaded config immersive_paintings:client_config in 9ms
[29Aug2026 21:21:16.591] [modloading-worker-0/ERROR] [patchouli/]: Failed to load book betternether:betternether_book defined by mod betternether, skipping
java.lang.IllegalArgumentException: Book betternether:betternether_book has use_resource_pack set to false. This behaviour was removed in 1.20. The book author should enable this flag and move all book contents clientside to /assets/, leaving the book.json in /data/. See https://vazkiimods.github.io/Patchouli/docs/upgrading/upgrade-guide-120 for details.
	at TRANSFORMER/patchouli@1.21.1-93-NEOFORGE/vazkii.patchouli.common.book.Book.<init>(Book.java:148) ~[Patchouli-1.21.1-93-NEOFORGE.jar%23333!/:1.21.1-93-NEOFORGE]
	at TRANSFORMER/patchouli@1.21.1-93-NEOFORGE/vazkii.patchouli.common.book.BookRegistry.loadBook(BookRegistry.java:90) ~[Patchouli-1.21.1-93-NEOFORGE.jar%23333!/:1.21.1-93-NEOFORGE]
	at TRANSFORMER/patchouli@1.21.1-93-NEOFORGE/vazkii.patchouli.common.book.BookRegistry.lambda$init$3(BookRegistry.java:75) ~[Patchouli-1.21.1-93-NEOFORGE.jar%23333!/:1.21.1-93-NEOFORGE]
	at java.base/java.util.HashMap.forEach(HashMap.java:1429) ~[?:?]
	at TRANSFORMER/patchouli@1.21.1-93-NEOFORGE/vazkii.patchouli.common.book.BookRegistry.init(BookRegistry.java:70) ~[Patchouli-1.21.1-93-NEOFORGE.jar%23333!/:1.21.1-93-NEOFORGE]
	at TRANSFORMER/patchouli@1.21.1-93-NEOFORGE/vazkii.patchouli.neoforge.common.NeoForgeModInitializer.onInitialize(NeoForgeModInitializer.java:86) ~[Patchouli-1.21.1-93-NEOFORGE.jar%23333!/:1.21.1-93-NEOFORGE]
	at MC-BOOTSTRAP/net.neoforged.bus/net.neoforged.bus.EventBus.post(EventBus.java:360) ~[bus-8.0.5.jar%2362!/:?]
	at MC-BOOTSTRAP/net.neoforged.bus/net.neoforged.bus.EventBus.post(EventBus.java:328) ~[bus-8.0.5.jar%2362!/:?]
	at MC-BOOTSTRAP/fml_loader@4.0.43/net.neoforged.fml.ModContainer.acceptEvent(ModContainer.java:158) ~[loader-4.0.43.jar%2359!/:4.0]
	at MC-BOOTSTRAP/fml_loader@4.0.43/net.neoforged.fml.ModLoader.lambda$dispatchParallelEvent$4(ModLoader.java:172) ~[loader-4.0.43.jar%2359!/:4.0]
	at MC-BOOTSTRAP/fml_loader@4.0.43/net.neoforged.fml.ModLoader.lambda$dispatchParallelTask$7(ModLoader.java:231) ~[loader-4.0.43.jar%2359!/:4.0]
	at java.base/java.util.concurrent.CompletableFuture.uniHandle(CompletableFuture.java:934) [?:?]
	at java.base/java.util.concurrent.CompletableFuture$UniHandle.tryFire(CompletableFuture.java:911) [?:?]
	at java.base/java.util.concurrent.CompletableFuture$Completion.exec(CompletableFuture.java:483) [?:?]
	at java.base/java.util.concurrent.ForkJoinTask.doExec(ForkJoinTask.java:387) [?:?]
	at java.base/java.util.concurrent.ForkJoinPool$WorkQueue.topLevelExec(ForkJoinPool.java:1312) [?:?]
	at java.base/java.util.concurrent.ForkJoinPool.scan(ForkJoinPool.java:1843) [?:?]
	at java.base/java.util.concurrent.ForkJoinPool.runWorker(ForkJoinPool.java:1808) [?:?]
	at java.base/java.util.concurrent.ForkJoinWorkerThread.run(ForkJoinWorkerThread.java:188) [?:?]
[29Aug2026 21:21:16.989] [NeoForge Version Check/INFO] [net.neoforged.fml.VersionChecker/]: [create_jetpack] Found status: UP_TO_DATE Current: 5.2.1 Target: null
[29Aug2026 21:21:16.736] [modloading-worker-0/INFO] [xaero.lib.XaeroLib/]: Loading XaeroLib common 1/2!
[29Aug2026 21:21:16.621] [modloading-worker-0/ERROR] [patchouli/]: Failed to load book betterend:guidebook defined by mod betterend, skipping
java.lang.IllegalArgumentException: Book betterend:guidebook has use_resource_pack set to false. This behaviour was removed in 1.20. The book author should enable this flag and move all book contents clientside to /assets/, leaving the book.json in /data/. See https://vazkiimods.github.io/Patchouli/docs/upgrading/upgrade-guide-120 for details.
	at TRANSFORMER/patchouli@1.21.1-93-NEOFORGE/vazkii.patchouli.common.book.Book.<init>(Book.java:148) ~[Patchouli-1.21.1-93-NEOFORGE.jar%23333!/:1.21.1-93-NEOFORGE]
	at TRANSFORMER/patchouli@1.21.1-93-NEOFORGE/vazkii.patchouli.common.book.BookRegistry.loadBook(BookRegistry.java:90) ~[Patchouli-1.21.1-93-NEOFORGE.jar%23333!/:1.21.1-93-NEOFORGE]
	at TRANSFORMER/patchouli@1.21.1-93-NEOFORGE/vazkii.patchouli.common.book.BookRegistry.lambda$init$3(BookRegistry.java:75) ~[Patchouli-1.21.1-93-NEOFORGE.jar%23333!/:1.21.1-93-NEOFORGE]
	at java.base/java.util.HashMap.forEach(HashMap.java:1429) ~[?:?]
	at TRANSFORMER/patchouli@1.21.1-93-NEOFORGE/vazkii.patchouli.common.book.BookRegistry.init(BookRegistry.java:70) ~[Patchouli-1.21.1-93-NEOFORGE.jar%23333!/:1.21.1-93-NEOFORGE]
	at TRANSFORMER/patchouli@1.21.1-93-NEOFORGE/vazkii.patchouli.neoforge.common.NeoForgeModInitializer.onInitialize(NeoForgeModInitializer.java:86) ~[Patchouli-1.21.1-93-NEOFORGE.jar%23333!/:1.21.1-93-NEOFORGE]
	at MC-BOOTSTRAP/net.neoforged.bus/net.neoforged.bus.EventBus.post(EventBus.java:360) ~[bus-8.0.5.jar%2362!/:?]
	at MC-BOOTSTRAP/net.neoforged.bus/net.neoforged.bus.EventBus.post(EventBus.java:328) ~[bus-8.0.5.jar%2362!/:?]
	at MC-BOOTSTRAP/fml_loader@4.0.43/net.neoforged.fml.ModContainer.acceptEvent(ModContainer.java:158) ~[loader-4.0.43.jar%2359!/:4.0]
	at MC-BOOTSTRAP/fml_loader@4.0.43/net.neoforged.fml.ModLoader.lambda$dispatchParallelEvent$4(ModLoader.java:172) ~[loader-4.0.43.jar%2359!/:4.0]
	at MC-BOOTSTRAP/fml_loader@4.0.43/net.neoforged.fml.ModLoader.lambda$dispatchParallelTask$7(ModLoader.java:231) ~[loader-4.0.43.jar%2359!/:4.0]
	at java.base/java.util.concurrent.CompletableFuture.uniHandle(CompletableFuture.java:934) [?:?]
	at java.base/java.util.concurrent.CompletableFuture$UniHandle.tryFire(CompletableFuture.java:911) [?:?]
	at java.base/java.util.concurrent.CompletableFuture$Completion.exec(CompletableFuture.java:483) [?:?]
	at java.base/java.util.concurrent.ForkJoinTask.doExec(ForkJoinTask.java:387) [?:?]
	at java.base/java.util.concurrent.ForkJoinPool$WorkQueue.topLevelExec(ForkJoinPool.java:1312) [?:?]
	at java.base/java.util.concurrent.ForkJoinPool.scan(ForkJoinPool.java:1843) [?:?]
	at java.base/java.util.concurrent.ForkJoinPool.runWorker(ForkJoinPool.java:1808) [?:?]
	at java.base/java.util.concurrent.ForkJoinWorkerThread.run(ForkJoinWorkerThread.java:188) [?:?]
[29Aug2026 21:21:16.873] [modloading-worker-0/INFO] [CPM/]: Customizable Player Models Initialized
[29Aug2026 21:21:23.668] [NeoForge Version Check/INFO] [net.neoforged.fml.VersionChecker/]: [corpse] Starting version check at https://update.maxhenkel.de/neoforge/corpse
[29Aug2026 21:21:16.634] [modloading-worker-0/INFO] [fzzy_config/]: Loaded config simplyswords:loot in 35ms
[29Aug2026 21:21:23.671] [modloading-worker-0/INFO] [dev.averageanime.neoforge.CreateFood/]: Create: Food - Startup
[29Aug2026 21:21:23.743] [modloading-worker-0/INFO] [adorablehamsterpets/]: Parsed all config data into caches.
[29Aug2026 21:21:23.744] [modloading-worker-0/INFO] [adorablehamsterpets/]: [BiomeConfig] Parsed 7 tags, 220 includes, 2 exclude IDs, and 3 exclude tags.
[29Aug2026 21:21:23.747] [modloading-worker-0/INFO] [adorablehamsterpets/]: [FeatureConfig] Parsed feature generation settings from config.
[29Aug2026 21:21:23.809] [modloading-sync-worker/INFO] [ribbits/]: Registering Ribbit umbrella types...
[29Aug2026 21:21:23.809] [modloading-sync-worker/INFO] [ribbits/]: Registering Ribbit professions...
[29Aug2026 21:21:23.810] [modloading-sync-worker/INFO] [ribbits/]: Registering Ribbit instruments...
[29Aug2026 21:21:23.818] [modloading-sync-worker/INFO] [Create: Trading Floor/]: Registering Advancements for: Create: Trading Floor
[29Aug2026 21:21:23.998] [modloading-worker-0/INFO] [xaero.minimap.XaeroMinimap/]: Loading Xaero's Minimap - Stage 1/2 (Server)
[29Aug2026 21:21:23.998] [modloading-worker-0/INFO] [xaero.map.server.WorldMapServer/]: Loading Xaero's World Map - Stage 1/2 (Server)
[29Aug2026 21:21:23.999] [modloading-worker-0/INFO] [xaero.lib.XaeroLib/]: Loading XaeroLib server 1/2!
[29Aug2026 21:21:23.999] [modloading-sync-worker/INFO] [xaero.map.server.WorldMapServer/]: Loading Xaero's World Map - Stage 2/2 (Server)
[29Aug2026 21:21:24.000] [modloading-sync-worker/INFO] [xaero.minimap.XaeroMinimap/]: Loading Xaero's Minimap - Stage 2/2 (Server)
[29Aug2026 21:21:24.000] [modloading-sync-worker/INFO] [xaero.lib.XaeroLib/]: Loading XaeroLib common 2/2!
[29Aug2026 21:21:24.000] [modloading-sync-worker/INFO] [xaero.lib.XaeroLib/]: Loading XaeroLib server 2/2!
[29Aug2026 21:21:24.032] [modloading-sync-worker/INFO] [net.swzo.createsa_tank_fix.CreateSATankFix/]: [CreateSATankFix] Successfully registered hacked tank capability for: create_sa:small_filling_tank
[29Aug2026 21:21:24.032] [modloading-sync-worker/INFO] [net.swzo.createsa_tank_fix.CreateSATankFix/]: [CreateSATankFix] Successfully registered hacked tank capability for: create_sa:medium_filling_tank
[29Aug2026 21:21:24.032] [modloading-sync-worker/INFO] [net.swzo.createsa_tank_fix.CreateSATankFix/]: [CreateSATankFix] Successfully registered hacked tank capability for: create_sa:large_filling_tank
[29Aug2026 21:21:24.032] [modloading-sync-worker/INFO] [net.swzo.createsa_tank_fix.CreateSATankFix/]: [CreateSATankFix] Successfully registered hacked tank capability for: create_sa:small_fueling_tank
[29Aug2026 21:21:24.032] [modloading-sync-worker/INFO] [net.swzo.createsa_tank_fix.CreateSATankFix/]: [CreateSATankFix] Successfully registered hacked tank capability for: create_sa:medium_fueling_tank
[29Aug2026 21:21:24.032] [modloading-sync-worker/INFO] [net.swzo.createsa_tank_fix.CreateSATankFix/]: [CreateSATankFix] Successfully registered hacked tank capability for: create_sa:large_fueling_tank
[29Aug2026 21:21:24.098] [modloading-worker-0/INFO] [io.redspace.ironsspellbooks.IronsSpellbooks/]: Got IMC []
[29Aug2026 21:21:24.108] [modloading-worker-0/INFO] [CPM/]: Customizable Player Models API initialized: Loaded plugins: (0)

[29Aug2026 21:21:24.112] [modloading-worker-0/INFO] [com.mrh0.createaddition.CreateAddition/]: Create Crafts & Additions Initialized!
[29Aug2026 21:21:24.154] [modloading-worker-0/INFO] [snownee.jade.Jade/]: Start loading plugin from net.blay09.mods.balm.neoforge.compat.hudinfo.NeoForgeJadeModCompat
[29Aug2026 21:21:24.160] [modloading-worker-0/INFO] [snownee.jade.Jade/]: Start loading plugin from de.maxhenkel.corpse.integration.waila.PluginCorpse
[29Aug2026 21:21:24.162] [modloading-worker-0/INFO] [snownee.jade.Jade/]: Start loading plugin from snownee.jade.addon.JadeAddonsBase
[29Aug2026 21:21:24.164] [modloading-worker-0/INFO] [snownee.jade.Jade/]: Start loading plugin from com.iafenvoy.iceandfire.compat.jade.IceAndFireJadePlugin
[29Aug2026 21:21:24.165] [modloading-worker-0/INFO] [snownee.jade.Jade/]: Start loading plugin from com.aetherteam.aether.integration.jade.AetherJadePlugin
[29Aug2026 21:21:24.165] [modloading-worker-0/INFO] [snownee.jade.Jade/]: Start loading plugin from net.dawson.adorablehamsterpets.integration.jade.AHPJadePlugin
[29Aug2026 21:21:24.169] [modloading-worker-0/INFO] [snownee.jade.Jade/]: Start loading plugin from net.blay09.mods.waystones.compat.JadeIntegration
[29Aug2026 21:21:24.169] [modloading-worker-0/INFO] [snownee.jade.Jade/]: Start loading plugin from snownee.jade.addon.vanilla.VanillaPlugin
[29Aug2026 21:21:24.181] [modloading-worker-0/INFO] [snownee.jade.Jade/]: Start loading plugin from snownee.jade.addon.universal.UniversalPlugin
[29Aug2026 21:21:24.185] [modloading-worker-0/INFO] [snownee.jade.Jade/]: Start loading plugin from snownee.jade.addon.debug.DebugPlugin
[29Aug2026 21:21:24.185] [modloading-worker-0/INFO] [snownee.jade.Jade/]: Start loading plugin from snownee.jade.addon.core.CorePlugin
[29Aug2026 21:21:24.186] [modloading-worker-0/INFO] [snownee.jade.Jade/]: Start loading plugin from snownee.jade.addon.access.AccessibilityPlugin
[29Aug2026 21:21:24.187] [modloading-worker-0/INFO] [snownee.jade.Jade/]: Start loading plugin from dev.averageanime.compat.jade.CreateFoodJadePlugin
[29Aug2026 21:21:24.187] [modloading-worker-0/INFO] [snownee.jade.Jade/]: Start loading plugin from net.liukrast.deployer.lib.compat.WailaCompat
[29Aug2026 21:21:24.377] [NeoForge Version Check/INFO] [net.neoforged.fml.VersionChecker/]: [corpse] Found status: BETA Current: 1.21.1-1.1.13 Target: 1.21.1-1.1.13
[29Aug2026 21:21:24.378] [NeoForge Version Check/INFO] [net.neoforged.fml.VersionChecker/]: [puzzleslib] Starting version check at https://raw.githubusercontent.com/Fuzss/modresources/main/update/puzzleslib.json
[29Aug2026 21:21:24.394] [NeoForge Version Check/INFO] [net.neoforged.fml.VersionChecker/]: [puzzleslib] Found status: UP_TO_DATE Current: 21.1.52 Target: null
[29Aug2026 21:21:24.394] [NeoForge Version Check/INFO] [net.neoforged.fml.VersionChecker/]: [aether] Starting version check at https://github.com/The-Aether-Team/The-Aether/raw/1.21.1-develop/update.json
[29Aug2026 21:21:24.648] [NeoForge Version Check/INFO] [net.neoforged.fml.VersionChecker/]: [aether] Found status: UP_TO_DATE Current: 1.5.10 Target: null
[29Aug2026 21:21:24.648] [NeoForge Version Check/INFO] [net.neoforged.fml.VersionChecker/]: [create_connected] Starting version check at https://raw.githubusercontent.com/hlysine/create_connected/main/update.json
[29Aug2026 21:21:24.654] [NeoForge Version Check/INFO] [net.neoforged.fml.VersionChecker/]: [create_connected] Found status: UP_TO_DATE Current: 1.3.2-mc1.21.1 Target: null
[29Aug2026 21:21:24.654] [NeoForge Version Check/INFO] [net.neoforged.fml.VersionChecker/]: [hangglider] Starting version check at https://raw.githubusercontent.com/Fuzss/modresources/main/update/hangglider.json
[29Aug2026 21:21:24.665] [main/INFO] [com.mojang.authlib.yggdrasil.YggdrasilAuthenticationService/]: Environment: Environment[sessionHost=https://sessionserver.mojang.com, servicesHost=https://api.minecraftservices.com, name=PROD]
[29Aug2026 21:21:24.727] [main/INFO] [bclib/]: Ignoring Patch{ModCore: betternether (betternether):5.3.5:328453}
[29Aug2026 21:21:24.727] [main/INFO] [bclib/]: Ignoring Patch{ModCore: betternether (betternether):8.2.2:524802}
[29Aug2026 21:21:24.728] [main/INFO] [bclib/]: Ignoring Patch{ModCore: betternether (betternether):9.0.1:589825}
[29Aug2026 21:21:24.728] [main/INFO] [bclib/]: Ignoring Patch{ModCore: bclib (bclib):3.0.11:196619}
[29Aug2026 21:21:24.728] [main/INFO] [bclib/]: Running Pre Patchers on ./world/.
[29Aug2026 21:21:24.731] [main/INFO] [bclib/]: Everything up to date
[29Aug2026 21:21:24.750] [NeoForge Version Check/INFO] [net.neoforged.fml.VersionChecker/]: [hangglider] Found status: UP_TO_DATE Current: 21.1.0 Target: null
[29Aug2026 21:21:24.750] [NeoForge Version Check/INFO] [net.neoforged.fml.VersionChecker/]: [copycats] Starting version check at https://raw.githubusercontent.com/copycats-plus/copycats/multiloader/update.json
[29Aug2026 21:21:24.755] [NeoForge Version Check/INFO] [net.neoforged.fml.VersionChecker/]: [copycats] Found status: AHEAD Current: 3.0.8+mc.1.21.1-neoforge Target: null
[29Aug2026 21:21:24.755] [NeoForge Version Check/INFO] [net.neoforged.fml.VersionChecker/]: [create] Starting version check at https://api.modrinth.com/updates/create/forge_updates.json?neoforge=only
[29Aug2026 21:21:24.888] [NeoForge Version Check/INFO] [net.neoforged.fml.VersionChecker/]: [create] Found status: OUTDATED Current: 6.0.10 Target: 6.0.10+mc1.21.1
[29Aug2026 21:21:24.888] [NeoForge Version Check/INFO] [net.neoforged.fml.VersionChecker/]: [sliceanddice] Starting version check at https://api.modrinth.com/updates/slice-and-dice/forge_updates.json?neoforge=only
[29Aug2026 21:21:24.986] [NeoForge Version Check/INFO] [net.neoforged.fml.VersionChecker/]: [sliceanddice] Found status: UP_TO_DATE Current: 4.3.3 Target: null
[29Aug2026 21:21:24.986] [NeoForge Version Check/INFO] [net.neoforged.fml.VersionChecker/]: [cpm] Starting version check at https://raw.githubusercontent.com/tom5454/CustomPlayerModels/master/version-check-neoforge.json
[29Aug2026 21:21:24.996] [NeoForge Version Check/INFO] [net.neoforged.fml.VersionChecker/]: [cpm] Found status: BETA Current: 0.6.27a Target: 0.6.27a
[29Aug2026 21:21:24.996] [NeoForge Version Check/INFO] [net.neoforged.fml.VersionChecker/]: [mr_create_manofmanyplanes] Starting version check at https://api.modrinth.com/updates/F4Rdk2PX/forge_updates.json?neoforge=only
[29Aug2026 21:21:25.083] [main/INFO] [com.simibubi.create.Create/]: Created 391 recipes which will be injected into the game
[29Aug2026 21:21:25.083] [NeoForge Version Check/INFO] [net.neoforged.fml.VersionChecker/]: [mr_create_manofmanyplanes] Found status: OUTDATED Current: 1.1 Target: 1.1+mod
[29Aug2026 21:21:25.094] [main/INFO] [com.simibubi.create.Create/]: Created 23 tags which will be injected into the game
[29Aug2026 21:21:25.107] [main/INFO] [plus.dragons.createdragonsplus.data.runtime.RuntimePackResources/]: Starting provider [plus.dragons.createdragonsplus.data.internal.CDPRuntimeRecipeProvider@5c3ce0ce] for runtime resource [create_dragons_plus:runtime]
[29Aug2026 21:21:25.145] [main/INFO] [plus.dragons.createdragonsplus.data.runtime.RuntimePackResources/]: plus.dragons.createdragonsplus.data.internal.CDPRuntimeRecipeProvider@5c3ce0ce finished after 37 ms
[29Aug2026 21:21:25.293] [main/INFO] [net.minecraft.server.MinecraftServer/]: Found new data pack builtin/aether_accessories, loading it automatically
[29Aug2026 21:21:26.169] [main/INFO] [wover-generator/]: Updating Pickers for WoVer - The End  BiomeSource (19ccebff)
[29Aug2026 21:21:26.171] [main/INFO] [wover-generator/]: Unable to build Biome List yet
[29Aug2026 21:21:26.178] [main/INFO] [wover-generator/]: Created WoverChunkGenerator with org.betterx.wover.generator.impl.biomesource.end.WoverEndBiomeSource
[29Aug2026 21:21:26.178] [main/INFO] [wover-generator/]: Updating Pickers for WoVer - Nether BiomeSource (7824be7a)
[29Aug2026 21:21:26.178] [main/INFO] [wover-generator/]: Unable to build Biome List yet
[29Aug2026 21:21:26.180] [main/INFO] [wover-generator/]: Created WoverChunkGenerator with org.betterx.wover.generator.impl.biomesource.nether.WoverNetherBiomeSource
[29Aug2026 21:21:26.181] [main/INFO] [wover-generator/]: Updating Pickers for WoVer - The End  BiomeSource (634f49c6)
[29Aug2026 21:21:26.181] [main/INFO] [wover-generator/]: Unable to build Biome List yet
[29Aug2026 21:21:26.182] [main/INFO] [wover-generator/]: Created WoverChunkGenerator with org.betterx.wover.generator.impl.biomesource.end.WoverEndBiomeSource
[29Aug2026 21:21:26.182] [main/INFO] [wover-generator/]: Updating Pickers for WoVer - Nether BiomeSource (69cf45f3)
[29Aug2026 21:21:26.182] [main/INFO] [wover-generator/]: Unable to build Biome List yet
[29Aug2026 21:21:26.182] [main/INFO] [wover-generator/]: Created WoverChunkGenerator with org.betterx.wover.generator.impl.biomesource.nether.WoverNetherBiomeSource
[29Aug2026 21:21:26.183] [main/INFO] [wover-generator/]: Updating Pickers for WoVer - The End  BiomeSource (119c1418)
[29Aug2026 21:21:26.183] [main/INFO] [wover-generator/]: Unable to build Biome List yet
[29Aug2026 21:21:26.184] [main/INFO] [wover-generator/]: Created WoverChunkGenerator with org.betterx.wover.generator.impl.biomesource.end.WoverEndBiomeSource
[29Aug2026 21:21:26.184] [main/INFO] [wover-generator/]: Updating Pickers for WoVer - Nether BiomeSource (6ba1068e)
[29Aug2026 21:21:26.184] [main/INFO] [wover-generator/]: Unable to build Biome List yet
[29Aug2026 21:21:26.185] [main/INFO] [wover-generator/]: Created WoverChunkGenerator with org.betterx.wover.generator.impl.biomesource.nether.WoverNetherBiomeSource
[29Aug2026 21:21:26.611] [main/INFO] [wover-generator/]: Updating Pickers for WoVer - Nether BiomeSource (79ff059a)
[29Aug2026 21:21:26.611] [main/INFO] [wover-generator/]: Unable to build Biome List yet
[29Aug2026 21:21:26.612] [main/INFO] [wover-generator/]: Created WoverChunkGenerator with org.betterx.wover.generator.impl.biomesource.nether.WoverNetherBiomeSource
[29Aug2026 21:21:26.613] [main/INFO] [wover-generator/]: Updating Pickers for WoVer - The End  BiomeSource (6d41f103)
[29Aug2026 21:21:26.613] [main/INFO] [wover-generator/]: Unable to build Biome List yet
[29Aug2026 21:21:26.614] [main/INFO] [wover-generator/]: Created WoverChunkGenerator with org.betterx.wover.generator.impl.biomesource.end.WoverEndBiomeSource
[29Aug2026 21:21:27.085] [Worker-Main-2/ERROR] [net.minecraft.world.level.storage.loot.LootDataType/]: Couldn't parse element ResourceKey[minecraft:root / minecraft:loot_table]:dndecor:blocks/rose_large_fan - Unknown registry key in ResourceKey[minecraft:root / minecraft:item]: dndecor:rose_large_fan
[29Aug2026 21:21:27.087] [Worker-Main-2/ERROR] [net.minecraft.world.level.storage.loot.LootDataType/]: Couldn't parse element ResourceKey[minecraft:root / minecraft:loot_table]:dndecor:blocks/slate_dark_metal_plating - Unknown registry key in ResourceKey[minecraft:root / minecraft:item]: dndecor:slate_dark_metal_plating
[29Aug2026 21:21:27.091] [Worker-Main-2/ERROR] [net.minecraft.world.level.storage.loot.LootDataType/]: Couldn't parse element ResourceKey[minecraft:root / minecraft:loot_table]:dndecor:blocks/indigo_container - Unknown registry key in ResourceKey[minecraft:root / minecraft:item]: dndecor:indigo_container
[29Aug2026 21:21:27.092] [Worker-Main-2/ERROR] [net.minecraft.world.level.storage.loot.LootDataType/]: Couldn't parse element ResourceKey[minecraft:root / minecraft:loot_table]:dndecor:blocks/tan_dark_metal_plating - Unknown registry key in ResourceKey[minecraft:root / minecraft:item]: dndecor:tan_dark_metal_plating
[29Aug2026 21:21:27.106] [Worker-Main-2/ERROR] [net.minecraft.world.level.storage.loot.LootDataType/]: Couldn't parse element ResourceKey[minecraft:root / minecraft:loot_table]:create_connected:blocks/dye_depot_amber_fan_dyeing_catalyst - Unknown registry key in ResourceKey[minecraft:root / minecraft:item]: create_connected:dye_depot_amber_fan_dyeing_catalyst
[29Aug2026 21:21:27.112] [Worker-Main-2/ERROR] [net.minecraft.world.level.storage.loot.LootDataType/]: Couldn't parse element ResourceKey[minecraft:root / minecraft:loot_table]:dndecor:blocks/slate_dark_metal_block - Unknown registry key in ResourceKey[minecraft:root / minecraft:item]: dndecor:slate_dark_metal_block
[29Aug2026 21:21:27.126] [Worker-Main-2/ERROR] [net.minecraft.world.level.storage.loot.LootDataType/]: Couldn't parse element ResourceKey[minecraft:root / minecraft:loot_table]:dndecor:blocks/navy_large_fan - Unknown registry key in ResourceKey[minecraft:root / minecraft:item]: dndecor:navy_large_fan
[29Aug2026 21:21:27.133] [Worker-Main-2/ERROR] [net.minecraft.world.level.storage.loot.LootDataType/]: Couldn't parse element ResourceKey[minecraft:root / minecraft:loot_table]:dndecor:blocks/maroon_dark_metal_plating - Unknown registry key in ResourceKey[minecraft:root / minecraft:item]: dndecor:maroon_dark_metal_plating
[29Aug2026 21:21:27.143] [Worker-Main-2/ERROR] [net.minecraft.world.level.storage.loot.LootDataType/]: Couldn't parse element ResourceKey[minecraft:root / minecraft:loot_table]:dndecor:blocks/slate_small_deepslate_tiles - Unknown registry key in ResourceKey[minecraft:root / minecraft:item]: dndecor:slate_small_deepslate_tiles
[29Aug2026 21:21:27.147] [Worker-Main-2/ERROR] [net.minecraft.world.level.storage.loot.LootDataType/]: Couldn't parse element ResourceKey[minecraft:root / minecraft:loot_table]:dndecor:blocks/tan_small_deepslate_tiles - Unknown registry key in ResourceKey[minecraft:root / minecraft:item]: dndecor:tan_small_deepslate_tiles
[29Aug2026 21:21:27.148] [Worker-Main-2/ERROR] [net.minecraft.world.level.storage.loot.LootDataType/]: Couldn't parse element ResourceKey[minecraft:root / minecraft:loot_table]:dndecor:blocks/indigo_display_board - Unknown registry key in ResourceKey[minecraft:root / minecraft:item]: dndecor:indigo_display_board
[29Aug2026 21:21:27.150] [Worker-Main-2/ERROR] [net.minecraft.world.level.storage.loot.LootDataType/]: Couldn't parse element ResourceKey[minecraft:root / minecraft:loot_table]:dndecor:blocks/tan_large_fan - Unknown registry key in ResourceKey[minecraft:root / minecraft:item]: dndecor:tan_large_fan
[29Aug2026 21:21:27.151] [Worker-Main-2/ERROR] [net.minecraft.world.level.storage.loot.LootDataType/]: Couldn't parse element ResourceKey[minecraft:root / minecraft:loot_table]:dndecor:blocks/ginger_large_fan - Unknown registry key in ResourceKey[minecraft:root / minecraft:item]: dndecor:ginger_large_fan
[29Aug2026 21:21:27.157] [Worker-Main-2/ERROR] [net.minecraft.world.level.storage.loot.LootDataType/]: Couldn't parse element ResourceKey[minecraft:root / minecraft:loot_table]:dndecor:blocks/aqua_container - Unknown registry key in ResourceKey[minecraft:root / minecraft:item]: dndecor:aqua_container
[29Aug2026 21:21:27.169] [Worker-Main-2/ERROR] [net.minecraft.world.level.storage.loot.LootDataType/]: Couldn't parse element ResourceKey[minecraft:root / minecraft:loot_table]:dndecor:blocks/forest_dark_metal_plating - Unknown registry key in ResourceKey[minecraft:root / minecraft:item]: dndecor:forest_dark_metal_plating
[29Aug2026 21:21:27.171] [Worker-Main-2/ERROR] [net.minecraft.world.level.storage.loot.LootDataType/]: Couldn't parse element ResourceKey[minecraft:root / minecraft:loot_table]:dndecor:blocks/verdant_cogwheel - Unknown registry key in ResourceKey[minecraft:root / minecraft:item]: dndecor:verdant_cogwheel
[29Aug2026 21:21:27.171] [Worker-Main-2/ERROR] [net.minecraft.world.level.storage.loot.LootDataType/]: Couldn't parse element ResourceKey[minecraft:root / minecraft:loot_table]:dndecor:blocks/verdant_industrial_cogwheel - Unknown registry key in ResourceKey[minecraft:root / minecraft:item]: dndecor:verdant_industrial_cogwheel
[29Aug2026 21:21:27.174] [Worker-Main-2/ERROR] [net.minecraft.world.level.storage.loot.LootDataType/]: Couldn't parse element ResourceKey[minecraft:root / minecraft:loot_table]:dndecor:blocks/coral_cogwheel - Unknown registry key in ResourceKey[minecraft:root / minecraft:item]: dndecor:coral_cogwheel
[29Aug2026 21:21:27.186] [Worker-Main-2/ERROR] [net.minecraft.world.level.storage.loot.LootDataType/]: Couldn't parse element ResourceKey[minecraft:root / minecraft:loot_table]:dndecor:blocks/forest_velvet_block - Unknown registry key in ResourceKey[minecraft:root / minecraft:item]: dndecor:forest_velvet_block
[29Aug2026 21:21:27.189] [Worker-Main-2/ERROR] [net.minecraft.world.level.storage.loot.LootDataType/]: Couldn't parse element ResourceKey[minecraft:root / minecraft:loot_table]:dndecor:blocks/beige_stone_metal - Unknown registry key in ResourceKey[minecraft:root / minecraft:item]: dndecor:beige_stone_metal
[29Aug2026 21:21:27.207] [Worker-Main-2/ERROR] [net.minecraft.world.level.storage.loot.LootDataType/]: Couldn't parse element ResourceKey[minecraft:root / minecraft:loot_table]:dndecor:blocks/maroon_small_deepslate_tiles - Unknown registry key in ResourceKey[minecraft:root / minecraft:item]: dndecor:maroon_small_deepslate_tiles
[29Aug2026 21:21:27.217] [Worker-Main-2/ERROR] [net.minecraft.world.level.storage.loot.LootDataType/]: Couldn't parse element ResourceKey[minecraft:root / minecraft:loot_table]:dndecor:blocks/forest_dark_metal_block - Unknown registry key in ResourceKey[minecraft:root / minecraft:item]: dndecor:forest_dark_metal_block
[29Aug2026 21:21:27.224] [Worker-Main-2/ERROR] [net.minecraft.world.level.storage.loot.LootDataType/]: Couldn't parse element ResourceKey[minecraft:root / minecraft:loot_table]:dndecor:blocks/mint_large_metal_girder - Unknown registry key in ResourceKey[minecraft:root / minecraft:item]: dndecor:mint_large_metal_girder
[29Aug2026 21:21:27.227] [Worker-Main-2/ERROR] [net.minecraft.world.level.storage.loot.LootDataType/]: Couldn't parse element ResourceKey[minecraft:root / minecraft:loot_table]:dndecor:blocks/solid_forest_container - Unknown registry key in ResourceKey[minecraft:root / minecraft:item]: dndecor:solid_forest_container
[29Aug2026 21:21:27.231] [Worker-Main-2/ERROR] [net.minecraft.world.level.storage.loot.LootDataType/]: Couldn't parse element ResourceKey[minecraft:root / minecraft:loot_table]:dndecor:blocks/amber_container - Unknown registry key in ResourceKey[minecraft:root / minecraft:item]: dndecor:amber_container
[29Aug2026 21:21:27.246] [Worker-Main-2/ERROR] [net.minecraft.world.level.storage.loot.LootDataType/]: Couldn't parse element ResourceKey[minecraft:root / minecraft:loot_table]:dndecor:blocks/coral_sheet_metal - Unknown registry key in ResourceKey[minecraft:root / minecraft:item]: dndecor:coral_sheet_metal
[29Aug2026 21:21:27.253] [Worker-Main-2/ERROR] [net.minecraft.world.level.storage.loot.LootDataType/]: Couldn't parse element ResourceKey[minecraft:root / minecraft:loot_table]:dndecor:blocks/tan_large_industrial_cogwheel - Unknown registry key in ResourceKey[minecraft:root / minecraft:item]: dndecor:tan_large_industrial_cogwheel
[29Aug2026 21:21:27.257] [Worker-Main-2/ERROR] [net.minecraft.world.level.storage.loot.LootDataType/]: Couldn't parse element ResourceKey[minecraft:root / minecraft:loot_table]:dndecor:blocks/ginger_stone_metal - Unknown registry key in ResourceKey[minecraft:root / minecraft:item]: dndecor:ginger_stone_metal
[29Aug2026 21:21:27.273] [Worker-Main-2/ERROR] [net.minecraft.world.level.storage.loot.LootDataType/]: Couldn't parse element ResourceKey[minecraft:root / minecraft:loot_table]:dndecor:blocks/maroon_industrial_cogwheel - Unknown registry key in ResourceKey[minecraft:root / minecraft:item]: dndecor:maroon_industrial_cogwheel
[29Aug2026 21:21:27.283] [Worker-Main-2/ERROR] [net.minecraft.world.level.storage.loot.LootDataType/]: Couldn't parse element ResourceKey[minecraft:root / minecraft:loot_table]:dndecor:blocks/rose_cogwheel - Unknown registry key in ResourceKey[minecraft:root / minecraft:item]: dndecor:rose_cogwheel
[29Aug2026 21:21:27.285] [Worker-Main-2/ERROR] [net.minecraft.world.level.storage.loot.LootDataType/]: Couldn't parse element ResourceKey[minecraft:root / minecraft:loot_table]:dndecor:blocks/maroon_large_cogwheel - Unknown registry key in ResourceKey[minecraft:root / minecraft:item]: dndecor:maroon_large_cogwheel
[29Aug2026 21:21:27.290] [Worker-Main-2/ERROR] [net.minecraft.world.level.storage.loot.LootDataType/]: Couldn't parse element ResourceKey[minecraft:root / minecraft:loot_table]:dndecor:blocks/indigo_cogwheel - Unknown registry key in ResourceKey[minecraft:root / minecraft:item]: dndecor:indigo_cogwheel
[29Aug2026 21:21:27.315] [Worker-Main-2/ERROR] [net.minecraft.world.level.storage.loot.LootDataType/]: Couldn't parse element ResourceKey[minecraft:root / minecraft:loot_table]:dndecor:blocks/tan_dark_metal_block - Unknown registry key in ResourceKey[minecraft:root / minecraft:item]: dndecor:tan_dark_metal_block
[29Aug2026 21:21:27.319] [Worker-Main-2/ERROR] [net.minecraft.world.level.storage.loot.LootDataType/]: Couldn't parse element ResourceKey[minecraft:root / minecraft:loot_table]:dndecor:blocks/navy_flywheel - Unknown registry key in ResourceKey[minecraft:root / minecraft:item]: dndecor:navy_flywheel
[29Aug2026 21:21:27.321] [Worker-Main-2/ERROR] [net.minecraft.world.level.storage.loot.LootDataType/]: Couldn't parse element ResourceKey[minecraft:root / minecraft:loot_table]:dndecor:blocks/maroon_flywheel - Unknown registry key in ResourceKey[minecraft:root / minecraft:item]: dndecor:maroon_flywheel
[29Aug2026 21:21:27.333] [Worker-Main-2/ERROR] [net.minecraft.world.level.storage.loot.LootDataType/]: Couldn't parse element ResourceKey[minecraft:root / minecraft:loot_table]:dndecor:blocks/ginger_display_board - Unknown registry key in ResourceKey[minecraft:root / minecraft:item]: dndecor:ginger_display_board
[29Aug2026 21:21:27.336] [Worker-Main-2/ERROR] [net.minecraft.world.level.storage.loot.LootDataType/]: Couldn't parse element ResourceKey[minecraft:root / minecraft:loot_table]:dndecor:blocks/solid_maroon_container - Unknown registry key in ResourceKey[minecraft:root / minecraft:item]: dndecor:solid_maroon_container
[29Aug2026 21:21:27.339] [Worker-Main-2/ERROR] [net.minecraft.world.level.storage.loot.LootDataType/]: Couldn't parse element ResourceKey[minecraft:root / minecraft:loot_table]:dndecor:blocks/forest_flywheel - Unknown registry key in ResourceKey[minecraft:root / minecraft:item]: dndecor:forest_flywheel
[29Aug2026 21:21:27.346] [Worker-Main-2/ERROR] [net.minecraft.world.level.storage.loot.LootDataType/]: Couldn't parse element ResourceKey[minecraft:root / minecraft:loot_table]:dndecor:blocks/maroon_large_industrial_cogwheel - Unknown registry key in ResourceKey[minecraft:root / minecraft:item]: dndecor:maroon_large_industrial_cogwheel
[29Aug2026 21:21:27.346] [Worker-Main-2/ERROR] [net.minecraft.world.level.storage.loot.LootDataType/]: Couldn't parse element ResourceKey[minecraft:root / minecraft:loot_table]:dndecor:blocks/mint_sheet_metal - Unknown registry key in ResourceKey[minecraft:root / minecraft:item]: dndecor:mint_sheet_metal
[29Aug2026 21:21:27.362] [Worker-Main-2/ERROR] [net.minecraft.world.level.storage.loot.LootDataType/]: Couldn't parse element ResourceKey[minecraft:root / minecraft:loot_table]:dndecor:blocks/maroon_large_metal_girder - Unknown registry key in ResourceKey[minecraft:root / minecraft:item]: dndecor:maroon_large_metal_girder
[29Aug2026 21:21:27.378] [Worker-Main-2/ERROR] [net.minecraft.world.level.storage.loot.LootDataType/]: Couldn't parse element ResourceKey[minecraft:root / minecraft:loot_table]:dndecor:blocks/tan_flywheel - Unknown registry key in ResourceKey[minecraft:root / minecraft:item]: dndecor:tan_flywheel
[29Aug2026 21:21:27.384] [Worker-Main-2/ERROR] [net.minecraft.world.level.storage.loot.LootDataType/]: Couldn't parse element ResourceKey[minecraft:root / minecraft:loot_table]:dndecor:blocks/navy_sheet_metal - Unknown registry key in ResourceKey[minecraft:root / minecraft:item]: dndecor:navy_sheet_metal
[29Aug2026 21:21:27.387] [Worker-Main-2/ERROR] [net.minecraft.world.level.storage.loot.LootDataType/]: Couldn't parse element ResourceKey[minecraft:root / minecraft:loot_table]:dndecor:blocks/olive_velvet_block - Unknown registry key in ResourceKey[minecraft:root / minecraft:item]: dndecor:olive_velvet_block
[29Aug2026 21:21:27.387] [Worker-Main-2/ERROR] [net.minecraft.world.level.storage.loot.LootDataType/]: Couldn't parse element ResourceKey[minecraft:root / minecraft:loot_table]:dndecor:blocks/olive_display_board - Unknown registry key in ResourceKey[minecraft:root / minecraft:item]: dndecor:olive_display_board
[29Aug2026 21:21:27.392] [Worker-Main-2/ERROR] [net.minecraft.world.level.storage.loot.LootDataType/]: Couldn't parse element ResourceKey[minecraft:root / minecraft:loot_table]:dndecor:blocks/teal_flywheel - Unknown registry key in ResourceKey[minecraft:root / minecraft:item]: dndecor:teal_flywheel
[29Aug2026 21:21:27.393] [Worker-Main-2/ERROR] [net.minecraft.world.level.storage.loot.LootDataType/]: Couldn't parse element ResourceKey[minecraft:root / minecraft:loot_table]:create_connected:blocks/dye_depot_slate_fan_dyeing_catalyst - Unknown registry key in ResourceKey[minecraft:root / minecraft:item]: create_connected:dye_depot_slate_fan_dyeing_catalyst
[29Aug2026 21:21:27.397] [Worker-Main-2/ERROR] [net.minecraft.world.level.storage.loot.LootDataType/]: Couldn't parse element ResourceKey[minecraft:root / minecraft:loot_table]:dndecor:blocks/aqua_sheet_metal - Unknown registry key in ResourceKey[minecraft:root / minecraft:item]: dndecor:aqua_sheet_metal
[29Aug2026 21:21:27.405] [Worker-Main-2/ERROR] [net.minecraft.world.level.storage.loot.LootDataType/]: Couldn't parse element ResourceKey[minecraft:root / minecraft:loot_table]:dndecor:blocks/rose_display_board - Unknown registry key in ResourceKey[minecraft:root / minecraft:item]: dndecor:rose_display_board
[29Aug2026 21:21:27.407] [Worker-Main-2/ERROR] [net.minecraft.world.level.storage.loot.LootDataType/]: Couldn't parse element ResourceKey[minecraft:root / minecraft:loot_table]:dndecor:blocks/coral_container - Unknown registry key in ResourceKey[minecraft:root / minecraft:item]: dndecor:coral_container
[29Aug2026 21:21:27.409] [Worker-Main-2/ERROR] [net.minecraft.world.level.storage.loot.LootDataType/]: Couldn't parse element ResourceKey[minecraft:root / minecraft:loot_table]:dndecor:blocks/coral_industrial_cogwheel - Unknown registry key in ResourceKey[minecraft:root / minecraft:item]: dndecor:coral_industrial_cogwheel
[29Aug2026 21:21:27.411] [Worker-Main-2/ERROR] [net.minecraft.world.level.storage.loot.LootDataType/]: Couldn't parse element ResourceKey[minecraft:root / minecraft:loot_table]:dndecor:blocks/solid_teal_container - Unknown registry key in ResourceKey[minecraft:root / minecraft:item]: dndecor:solid_teal_container
[29Aug2026 21:21:27.412] [Worker-Main-2/ERROR] [net.minecraft.world.level.storage.loot.LootDataType/]: Couldn't parse element ResourceKey[minecraft:root / minecraft:loot_table]:dndecor:blocks/aqua_velvet_block - Unknown registry key in ResourceKey[minecraft:root / minecraft:item]: dndecor:aqua_velvet_block
[29Aug2026 21:21:27.416] [Worker-Main-2/ERROR] [net.minecraft.world.level.storage.loot.LootDataType/]: Couldn't parse element ResourceKey[minecraft:root / minecraft:loot_table]:dndecor:blocks/mint_stone_metal - Unknown registry key in ResourceKey[minecraft:root / minecraft:item]: dndecor:mint_stone_metal
[29Aug2026 21:21:27.420] [Worker-Main-2/ERROR] [net.minecraft.world.level.storage.loot.LootDataType/]: Couldn't parse element ResourceKey[minecraft:root / minecraft:loot_table]:dndecor:blocks/solid_beige_container - Unknown registry key in ResourceKey[minecraft:root / minecraft:item]: dndecor:solid_beige_container
[29Aug2026 21:21:27.425] [Worker-Main-2/ERROR] [net.minecraft.world.level.storage.loot.LootDataType/]: Couldn't parse element ResourceKey[minecraft:root / minecraft:loot_table]:dndecor:blocks/maroon_large_fan - Unknown registry key in ResourceKey[minecraft:root / minecraft:item]: dndecor:maroon_large_fan
[29Aug2026 21:21:27.430] [Worker-Main-2/ERROR] [net.minecraft.world.level.storage.loot.LootDataType/]: Couldn't parse element ResourceKey[minecraft:root / minecraft:loot_table]:dndecor:blocks/verdant_display_board - Unknown registry key in ResourceKey[minecraft:root / minecraft:item]: dndecor:verdant_display_board
[29Aug2026 21:21:27.431] [Worker-Main-2/ERROR] [net.minecraft.world.level.storage.loot.LootDataType/]: Couldn't parse element ResourceKey[minecraft:root / minecraft:loot_table]:dndecor:blocks/solid_ginger_container - Unknown registry key in ResourceKey[minecraft:root / minecraft:item]: dndecor:solid_ginger_container
[29Aug2026 21:21:27.438] [Worker-Main-2/ERROR] [net.minecraft.world.level.storage.loot.LootDataType/]: Couldn't parse element ResourceKey[minecraft:root / minecraft:loot_table]:dndecor:blocks/beige_large_fan - Unknown registry key in ResourceKey[minecraft:root / minecraft:item]: dndecor:beige_large_fan
[29Aug2026 21:21:27.456] [Worker-Main-2/ERROR] [net.minecraft.world.level.storage.loot.LootDataType/]: Couldn't parse element ResourceKey[minecraft:root / minecraft:loot_table]:dndecor:blocks/aqua_large_cogwheel - Unknown registry key in ResourceKey[minecraft:root / minecraft:item]: dndecor:aqua_large_cogwheel
[29Aug2026 21:21:27.458] [Worker-Main-2/ERROR] [net.minecraft.world.level.storage.loot.LootDataType/]: Couldn't parse element ResourceKey[minecraft:root / minecraft:loot_table]:dndecor:blocks/ginger_cogwheel - Unknown registry key in ResourceKey[minecraft:root / minecraft:item]: dndecor:ginger_cogwheel
[29Aug2026 21:21:27.459] [Worker-Main-2/ERROR] [net.minecraft.world.level.storage.loot.LootDataType/]: Couldn't parse element ResourceKey[minecraft:root / minecraft:loot_table]:dndecor:blocks/olive_sheet_metal - Unknown registry key in ResourceKey[minecraft:root / minecraft:item]: dndecor:olive_sheet_metal
[29Aug2026 21:21:27.460] [Worker-Main-2/ERROR] [net.minecraft.world.level.storage.loot.LootDataType/]: Couldn't parse element ResourceKey[minecraft:root / minecraft:loot_table]:dndecor:blocks/slate_large_metal_girder - Unknown registry key in ResourceKey[minecraft:root / minecraft:item]: dndecor:slate_large_metal_girder
[29Aug2026 21:21:27.462] [Worker-Main-2/ERROR] [net.minecraft.world.level.storage.loot.LootDataType/]: Couldn't parse element ResourceKey[minecraft:root / minecraft:loot_table]:dndecor:blocks/olive_dark_metal_block - Unknown registry key in ResourceKey[minecraft:root / minecraft:item]: dndecor:olive_dark_metal_block
[29Aug2026 21:21:27.465] [Worker-Main-2/ERROR] [net.minecraft.world.level.storage.loot.LootDataType/]: Couldn't parse element ResourceKey[minecraft:root / minecraft:loot_table]:create_connected:blocks/dye_depot_rose_fan_dyeing_catalyst - Unknown registry key in ResourceKey[minecraft:root / minecraft:item]: create_connected:dye_depot_rose_fan_dyeing_catalyst
[29Aug2026 21:21:27.468] [Worker-Main-2/ERROR] [net.minecraft.world.level.storage.loot.LootDataType/]: Couldn't parse element ResourceKey[minecraft:root / minecraft:loot_table]:dndecor:blocks/coral_stone_metal - Unknown registry key in ResourceKey[minecraft:root / minecraft:item]: dndecor:coral_stone_metal
[29Aug2026 21:21:27.472] [Worker-Main-2/ERROR] [net.minecraft.world.level.storage.loot.LootDataType/]: Couldn't parse element ResourceKey[minecraft:root / minecraft:loot_table]:dndecor:blocks/coral_large_cogwheel - Unknown registry key in ResourceKey[minecraft:root / minecraft:item]: dndecor:coral_large_cogwheel
[29Aug2026 21:21:27.478] [Worker-Main-2/ERROR] [net.minecraft.world.level.storage.loot.LootDataType/]: Couldn't parse element ResourceKey[minecraft:root / minecraft:loot_table]:dndecor:blocks/mint_small_deepslate_tiles - Unknown registry key in ResourceKey[minecraft:root / minecraft:item]: dndecor:mint_small_deepslate_tiles
[29Aug2026 21:21:27.481] [Worker-Main-2/ERROR] [net.minecraft.world.level.storage.loot.LootDataType/]: Couldn't parse element ResourceKey[minecraft:root / minecraft:loot_table]:dndecor:blocks/beige_flywheel - Unknown registry key in ResourceKey[minecraft:root / minecraft:item]: dndecor:beige_flywheel
[29Aug2026 21:21:27.483] [Worker-Main-2/ERROR] [net.minecraft.world.level.storage.loot.LootDataType/]: Couldn't parse element ResourceKey[minecraft:root / minecraft:loot_table]:dndecor:blocks/teal_container - Unknown registry key in ResourceKey[minecraft:root / minecraft:item]: dndecor:teal_container
[29Aug2026 21:21:27.489] [Worker-Main-2/ERROR] [net.minecraft.world.level.storage.loot.LootDataType/]: Couldn't parse element ResourceKey[minecraft:root / minecraft:loot_table]:dndecor:blocks/indigo_dark_metal_block - Unknown registry key in ResourceKey[minecraft:root / minecraft:item]: dndecor:indigo_dark_metal_block
[29Aug2026 21:21:27.490] [Worker-Main-2/ERROR] [net.minecraft.world.level.storage.loot.LootDataType/]: Couldn't parse element ResourceKey[minecraft:root / minecraft:loot_table]:dndecor:blocks/tan_velvet_block - Unknown registry key in ResourceKey[minecraft:root / minecraft:item]: dndecor:tan_velvet_block
[29Aug2026 21:21:27.492] [Worker-Main-2/ERROR] [net.minecraft.world.level.storage.loot.LootDataType/]: Couldn't parse element ResourceKey[minecraft:root / minecraft:loot_table]:dndecor:blocks/aqua_large_fan - Unknown registry key in ResourceKey[minecraft:root / minecraft:item]: dndecor:aqua_large_fan
[29Aug2026 21:21:27.513] [Worker-Main-2/ERROR] [net.minecraft.world.level.storage.loot.LootDataType/]: Couldn't parse element ResourceKey[minecraft:root / minecraft:loot_table]:dndecor:blocks/amber_velvet_block - Unknown registry key in ResourceKey[minecraft:root / minecraft:item]: dndecor:amber_velvet_block
[29Aug2026 21:21:27.516] [Worker-Main-2/ERROR] [net.minecraft.world.level.storage.loot.LootDataType/]: Couldn't parse element ResourceKey[minecraft:root / minecraft:loot_table]:dndecor:blocks/mint_dark_metal_plating - Unknown registry key in ResourceKey[minecraft:root / minecraft:item]: dndecor:mint_dark_metal_plating
[29Aug2026 21:21:27.517] [Worker-Main-2/ERROR] [net.minecraft.world.level.storage.loot.LootDataType/]: Couldn't parse element ResourceKey[minecraft:root / minecraft:loot_table]:dndecor:blocks/beige_sheet_metal - Unknown registry key in ResourceKey[minecraft:root / minecraft:item]: dndecor:beige_sheet_metal
[29Aug2026 21:21:27.518] [Worker-Main-2/ERROR] [net.minecraft.world.level.storage.loot.LootDataType/]: Couldn't parse element ResourceKey[minecraft:root / minecraft:loot_table]:create_connected:blocks/dye_depot_mint_fan_dyeing_catalyst - Unknown registry key in ResourceKey[minecraft:root / minecraft:item]: create_connected:dye_depot_mint_fan_dyeing_catalyst
[29Aug2026 21:21:27.518] [Worker-Main-2/ERROR] [net.minecraft.world.level.storage.loot.LootDataType/]: Couldn't parse element ResourceKey[minecraft:root / minecraft:loot_table]:dndecor:blocks/olive_small_deepslate_tiles - Unknown registry key in ResourceKey[minecraft:root / minecraft:item]: dndecor:olive_small_deepslate_tiles
[29Aug2026 21:21:27.522] [Worker-Main-2/ERROR] [net.minecraft.world.level.storage.loot.LootDataType/]: Couldn't parse element ResourceKey[minecraft:root / minecraft:loot_table]:dndecor:blocks/aqua_industrial_cogwheel - Unknown registry key in ResourceKey[minecraft:root / minecraft:item]: dndecor:aqua_industrial_cogwheel
[29Aug2026 21:21:27.525] [Worker-Main-2/ERROR] [net.minecraft.world.level.storage.loot.LootDataType/]: Couldn't parse element ResourceKey[minecraft:root / minecraft:loot_table]:dndecor:blocks/navy_small_deepslate_tiles - Unknown registry key in ResourceKey[minecraft:root / minecraft:item]: dndecor:navy_small_deepslate_tiles
[29Aug2026 21:21:27.527] [Worker-Main-2/ERROR] [net.minecraft.world.level.storage.loot.LootDataType/]: Couldn't parse element ResourceKey[minecraft:root / minecraft:loot_table]:dndecor:blocks/navy_display_board - Unknown registry key in ResourceKey[minecraft:root / minecraft:item]: dndecor:navy_display_board
[29Aug2026 21:21:27.531] [Worker-Main-2/ERROR] [net.minecraft.world.level.storage.loot.LootDataType/]: Couldn't parse element ResourceKey[minecraft:root / minecraft:loot_table]:dndecor:blocks/teal_large_industrial_cogwheel - Unknown registry key in ResourceKey[minecraft:root / minecraft:item]: dndecor:teal_large_industrial_cogwheel
[29Aug2026 21:21:27.534] [Worker-Main-2/ERROR] [net.minecraft.world.level.storage.loot.LootDataType/]: Couldn't parse element ResourceKey[minecraft:root / minecraft:loot_table]:dndecor:blocks/mint_dark_metal_block - Unknown registry key in ResourceKey[minecraft:root / minecraft:item]: dndecor:mint_dark_metal_block
[29Aug2026 21:21:27.542] [Worker-Main-2/ERROR] [net.minecraft.world.level.storage.loot.LootDataType/]: Couldn't parse element ResourceKey[minecraft:root / minecraft:loot_table]:dndecor:blocks/indigo_large_fan - Unknown registry key in ResourceKey[minecraft:root / minecraft:item]: dndecor:indigo_large_fan
[29Aug2026 21:21:27.546] [Worker-Main-2/ERROR] [net.minecraft.world.level.storage.loot.LootDataType/]: Couldn't parse element ResourceKey[minecraft:root / minecraft:loot_table]:dndecor:blocks/maroon_sheet_metal - Unknown registry key in ResourceKey[minecraft:root / minecraft:item]: dndecor:maroon_sheet_metal
[29Aug2026 21:21:27.552] [Worker-Main-2/ERROR] [net.minecraft.world.level.storage.loot.LootDataType/]: Couldn't parse element ResourceKey[minecraft:root / minecraft:loot_table]:dndecor:blocks/ginger_velvet_block - Unknown registry key in ResourceKey[minecraft:root / minecraft:item]: dndecor:ginger_velvet_block
[29Aug2026 21:21:27.559] [Worker-Main-2/ERROR] [net.minecraft.world.level.storage.loot.LootDataType/]: Couldn't parse element ResourceKey[minecraft:root / minecraft:loot_table]:dndecor:blocks/solid_amber_container - Unknown registry key in ResourceKey[minecraft:root / minecraft:item]: dndecor:solid_amber_container
[29Aug2026 21:21:27.560] [Worker-Main-2/ERROR] [net.minecraft.world.level.storage.loot.LootDataType/]: Couldn't parse element ResourceKey[minecraft:root / minecraft:loot_table]:dndecor:blocks/navy_dark_metal_block - Unknown registry key in ResourceKey[minecraft:root / minecraft:item]: dndecor:navy_dark_metal_block
[29Aug2026 21:21:27.581] [Worker-Main-2/ERROR] [net.minecraft.world.level.storage.loot.LootDataType/]: Couldn't parse element ResourceKey[minecraft:root / minecraft:loot_table]:dndecor:blocks/forest_large_metal_girder - Unknown registry key in ResourceKey[minecraft:root / minecraft:item]: dndecor:forest_large_metal_girder
[29Aug2026 21:21:27.586] [Worker-Main-2/ERROR] [net.minecraft.world.level.storage.loot.LootDataType/]: Couldn't parse element ResourceKey[minecraft:root / minecraft:loot_table]:dndecor:blocks/indigo_small_deepslate_tiles - Unknown registry key in ResourceKey[minecraft:root / minecraft:item]: dndecor:indigo_small_deepslate_tiles
[29Aug2026 21:21:27.587] [Worker-Main-2/ERROR] [net.minecraft.world.level.storage.loot.LootDataType/]: Couldn't parse element ResourceKey[minecraft:root / minecraft:loot_table]:dndecor:blocks/verdant_large_industrial_cogwheel - Unknown registry key in ResourceKey[minecraft:root / minecraft:item]: dndecor:verdant_large_industrial_cogwheel
[29Aug2026 21:21:27.588] [Worker-Main-2/ERROR] [net.minecraft.world.level.storage.loot.LootDataType/]: Couldn't parse element ResourceKey[minecraft:root / minecraft:loot_table]:dndecor:blocks/rose_stone_metal - Unknown registry key in ResourceKey[minecraft:root / minecraft:item]: dndecor:rose_stone_metal
[29Aug2026 21:21:27.592] [Worker-Main-2/ERROR] [net.minecraft.world.level.storage.loot.LootDataType/]: Couldn't parse element ResourceKey[minecraft:root / minecraft:loot_table]:dndecor:blocks/coral_display_board - Unknown registry key in ResourceKey[minecraft:root / minecraft:item]: dndecor:coral_display_board
[29Aug2026 21:21:27.594] [Worker-Main-2/ERROR] [net.minecraft.world.level.storage.loot.LootDataType/]: Couldn't parse element ResourceKey[minecraft:root / minecraft:loot_table]:dndecor:blocks/beige_container - Unknown registry key in ResourceKey[minecraft:root / minecraft:item]: dndecor:beige_container
[29Aug2026 21:21:27.600] [Worker-Main-2/ERROR] [net.minecraft.world.level.storage.loot.LootDataType/]: Couldn't parse element ResourceKey[minecraft:root / minecraft:loot_table]:dndecor:blocks/aqua_cogwheel - Unknown registry key in ResourceKey[minecraft:root / minecraft:item]: dndecor:aqua_cogwheel
[29Aug2026 21:21:27.600] [Worker-Main-2/ERROR] [net.minecraft.world.level.storage.loot.LootDataType/]: Couldn't parse element ResourceKey[minecraft:root / minecraft:loot_table]:dndecor:blocks/amber_display_board - Unknown registry key in ResourceKey[minecraft:root / minecraft:item]: dndecor:amber_display_board
[29Aug2026 21:21:27.601] [Worker-Main-2/ERROR] [net.minecraft.world.level.storage.loot.LootDataType/]: Couldn't parse element ResourceKey[minecraft:root / minecraft:loot_table]:dndecor:blocks/beige_large_cogwheel - Unknown registry key in ResourceKey[minecraft:root / minecraft:item]: dndecor:beige_large_cogwheel
[29Aug2026 21:21:27.609] [Worker-Main-2/ERROR] [net.minecraft.world.level.storage.loot.LootDataType/]: Couldn't parse element ResourceKey[minecraft:root / minecraft:loot_table]:dndecor:blocks/ginger_industrial_cogwheel - Unknown registry key in ResourceKey[minecraft:root / minecraft:item]: dndecor:ginger_industrial_cogwheel
[29Aug2026 21:21:27.614] [Worker-Main-2/ERROR] [net.minecraft.world.level.storage.loot.LootDataType/]: Couldn't parse element ResourceKey[minecraft:root / minecraft:loot_table]:dndecor:blocks/navy_stone_metal - Unknown registry key in ResourceKey[minecraft:root / minecraft:item]: dndecor:navy_stone_metal
[29Aug2026 21:21:27.615] [Worker-Main-2/ERROR] [net.minecraft.world.level.storage.loot.LootDataType/]: Couldn't parse element ResourceKey[minecraft:root / minecraft:loot_table]:dndecor:blocks/beige_industrial_cogwheel - Unknown registry key in ResourceKey[minecraft:root / minecraft:item]: dndecor:beige_industrial_cogwheel
[29Aug2026 21:21:27.616] [Worker-Main-2/ERROR] [net.minecraft.world.level.storage.loot.LootDataType/]: Couldn't parse element ResourceKey[minecraft:root / minecraft:loot_table]:dndecor:blocks/coral_large_metal_girder - Unknown registry key in ResourceKey[minecraft:root / minecraft:item]: dndecor:coral_large_metal_girder
[29Aug2026 21:21:27.618] [Worker-Main-2/ERROR] [net.minecraft.world.level.storage.loot.LootDataType/]: Couldn't parse element ResourceKey[minecraft:root / minecraft:loot_table]:dndecor:blocks/beige_cogwheel - Unknown registry key in ResourceKey[minecraft:root / minecraft:item]: dndecor:beige_cogwheel
[29Aug2026 21:21:27.624] [Worker-Main-2/ERROR] [net.minecraft.world.level.storage.loot.LootDataType/]: Couldn't parse element ResourceKey[minecraft:root / minecraft:loot_table]:dndecor:blocks/teal_sheet_metal - Unknown registry key in ResourceKey[minecraft:root / minecraft:item]: dndecor:teal_sheet_metal
[29Aug2026 21:21:27.633] [Worker-Main-2/ERROR] [net.minecraft.world.level.storage.loot.LootDataType/]: Couldn't parse element ResourceKey[minecraft:root / minecraft:loot_table]:dndecor:blocks/ginger_dark_metal_plating - Unknown registry key in ResourceKey[minecraft:root / minecraft:item]: dndecor:ginger_dark_metal_plating
[29Aug2026 21:21:27.634] [Worker-Main-2/ERROR] [net.minecraft.world.level.storage.loot.LootDataType/]: Couldn't parse element ResourceKey[minecraft:root / minecraft:loot_table]:dndecor:blocks/maroon_container - Unknown registry key in ResourceKey[minecraft:root / minecraft:item]: dndecor:maroon_container
[29Aug2026 21:21:27.645] [Worker-Main-2/ERROR] [net.minecraft.world.level.storage.loot.LootDataType/]: Couldn't parse element ResourceKey[minecraft:root / minecraft:loot_table]:dndecor:blocks/olive_industrial_cogwheel - Unknown registry key in ResourceKey[minecraft:root / minecraft:item]: dndecor:olive_industrial_cogwheel
[29Aug2026 21:21:27.647] [Worker-Main-2/ERROR] [net.minecraft.world.level.storage.loot.LootDataType/]: Couldn't parse element ResourceKey[minecraft:root / minecraft:loot_table]:dndecor:blocks/rose_sheet_metal - Unknown registry key in ResourceKey[minecraft:root / minecraft:item]: dndecor:rose_sheet_metal
[29Aug2026 21:21:27.650] [Worker-Main-2/ERROR] [net.minecraft.world.level.storage.loot.LootDataType/]: Couldn't parse element ResourceKey[minecraft:root / minecraft:loot_table]:dndecor:blocks/maroon_display_board - Unknown registry key in ResourceKey[minecraft:root / minecraft:item]: dndecor:maroon_display_board
[29Aug2026 21:21:27.667] [Worker-Main-2/ERROR] [net.minecraft.world.level.storage.loot.LootDataType/]: Couldn't parse element ResourceKey[minecraft:root / minecraft:loot_table]:dndecor:blocks/teal_large_cogwheel - Unknown registry key in ResourceKey[minecraft:root / minecraft:item]: dndecor:teal_large_cogwheel
[29Aug2026 21:21:27.676] [Worker-Main-2/ERROR] [net.minecraft.world.level.storage.loot.LootDataType/]: Couldn't parse element ResourceKey[minecraft:root / minecraft:loot_table]:dndecor:blocks/beige_velvet_block - Unknown registry key in ResourceKey[minecraft:root / minecraft:item]: dndecor:beige_velvet_block
[29Aug2026 21:21:27.677] [Worker-Main-2/ERROR] [net.minecraft.world.level.storage.loot.LootDataType/]: Couldn't parse element ResourceKey[minecraft:root / minecraft:loot_table]:dndecor:blocks/forest_large_cogwheel - Unknown registry key in ResourceKey[minecraft:root / minecraft:item]: dndecor:forest_large_cogwheel
[29Aug2026 21:21:27.680] [Worker-Main-2/ERROR] [net.minecraft.world.level.storage.loot.LootDataType/]: Couldn't parse element ResourceKey[minecraft:root / minecraft:loot_table]:dndecor:blocks/verdant_sheet_metal - Unknown registry key in ResourceKey[minecraft:root / minecraft:item]: dndecor:verdant_sheet_metal
[29Aug2026 21:21:27.684] [Worker-Main-2/ERROR] [net.minecraft.world.level.storage.loot.LootDataType/]: Couldn't parse element ResourceKey[minecraft:root / minecraft:loot_table]:dndecor:blocks/beige_display_board - Unknown registry key in ResourceKey[minecraft:root / minecraft:item]: dndecor:beige_display_board
[29Aug2026 21:21:27.690] [Worker-Main-2/ERROR] [net.minecraft.world.level.storage.loot.LootDataType/]: Couldn't parse element ResourceKey[minecraft:root / minecraft:loot_table]:dndecor:blocks/olive_stone_metal - Unknown registry key in ResourceKey[minecraft:root / minecraft:item]: dndecor:olive_stone_metal
[29Aug2026 21:21:27.692] [Worker-Main-2/ERROR] [net.minecraft.world.level.storage.loot.LootDataType/]: Couldn't parse element ResourceKey[minecraft:root / minecraft:loot_table]:dndecor:blocks/beige_small_deepslate_tiles - Unknown registry key in ResourceKey[minecraft:root / minecraft:item]: dndecor:beige_small_deepslate_tiles
[29Aug2026 21:21:27.698] [Worker-Main-2/ERROR] [net.minecraft.world.level.storage.loot.LootDataType/]: Couldn't parse element ResourceKey[minecraft:root / minecraft:loot_table]:dndecor:blocks/forest_small_deepslate_tiles - Unknown registry key in ResourceKey[minecraft:root / minecraft:item]: dndecor:forest_small_deepslate_tiles
[29Aug2026 21:21:27.701] [Worker-Main-2/ERROR] [net.minecraft.world.level.storage.loot.LootDataType/]: Couldn't parse element ResourceKey[minecraft:root / minecraft:loot_table]:dndecor:blocks/verdant_large_cogwheel - Unknown registry key in ResourceKey[minecraft:root / minecraft:item]: dndecor:verdant_large_cogwheel
[29Aug2026 21:21:27.708] [Worker-Main-2/ERROR] [betternether/]: Unable to building bartering table
[29Aug2026 21:21:27.710] [Worker-Main-2/ERROR] [net.minecraft.world.level.storage.loot.LootDataType/]: Couldn't parse element ResourceKey[minecraft:root / minecraft:loot_table]:dndecor:blocks/tan_display_board - Unknown registry key in ResourceKey[minecraft:root / minecraft:item]: dndecor:tan_display_board
[29Aug2026 21:21:27.717] [Worker-Main-2/ERROR] [net.minecraft.world.level.storage.loot.LootDataType/]: Couldn't parse element ResourceKey[minecraft:root / minecraft:loot_table]:dndecor:blocks/slate_stone_metal - Unknown registry key in ResourceKey[minecraft:root / minecraft:item]: dndecor:slate_stone_metal
[29Aug2026 21:21:27.724] [Worker-Main-2/ERROR] [net.minecraft.world.level.storage.loot.LootDataType/]: Couldn't parse element ResourceKey[minecraft:root / minecraft:loot_table]:dndecor:blocks/teal_stone_metal - Unknown registry key in ResourceKey[minecraft:root / minecraft:item]: dndecor:teal_stone_metal
[29Aug2026 21:21:27.726] [Worker-Main-2/ERROR] [net.minecraft.world.level.storage.loot.LootDataType/]: Couldn't parse element ResourceKey[minecraft:root / minecraft:loot_table]:dndecor:blocks/mint_industrial_cogwheel - Unknown registry key in ResourceKey[minecraft:root / minecraft:item]: dndecor:mint_industrial_cogwheel
[29Aug2026 21:21:27.730] [Worker-Main-2/ERROR] [net.minecraft.world.level.storage.loot.LootDataType/]: Couldn't parse element ResourceKey[minecraft:root / minecraft:loot_table]:create_connected:blocks/dye_depot_tan_fan_dyeing_catalyst - Unknown registry key in ResourceKey[minecraft:root / minecraft:item]: create_connected:dye_depot_tan_fan_dyeing_catalyst
[29Aug2026 21:21:27.735] [Worker-Main-2/ERROR] [net.minecraft.world.level.storage.loot.LootDataType/]: Couldn't parse element ResourceKey[minecraft:root / minecraft:loot_table]:dndecor:blocks/ginger_large_industrial_cogwheel - Unknown registry key in ResourceKey[minecraft:root / minecraft:item]: dndecor:ginger_large_industrial_cogwheel
[29Aug2026 21:21:27.735] [Worker-Main-2/ERROR] [net.minecraft.world.level.storage.loot.LootDataType/]: Couldn't parse element ResourceKey[minecraft:root / minecraft:loot_table]:create_connected:blocks/dye_depot_indigo_fan_dyeing_catalyst - Unknown registry key in ResourceKey[minecraft:root / minecraft:item]: create_connected:dye_depot_indigo_fan_dyeing_catalyst
[29Aug2026 21:21:27.742] [Worker-Main-2/ERROR] [net.minecraft.world.level.storage.loot.LootDataType/]: Couldn't parse element ResourceKey[minecraft:root / minecraft:loot_table]:dndecor:blocks/aqua_flywheel - Unknown registry key in ResourceKey[minecraft:root / minecraft:item]: dndecor:aqua_flywheel
[29Aug2026 21:21:27.742] [Worker-Main-2/ERROR] [net.minecraft.world.level.storage.loot.LootDataType/]: Couldn't parse element ResourceKey[minecraft:root / minecraft:loot_table]:dndecor:blocks/amber_large_fan - Unknown registry key in ResourceKey[minecraft:root / minecraft:item]: dndecor:amber_large_fan
[29Aug2026 21:21:27.747] [Worker-Main-2/ERROR] [net.minecraft.world.level.storage.loot.LootDataType/]: Couldn't parse element ResourceKey[minecraft:root / minecraft:loot_table]:create_connected:blocks/dye_depot_navy_fan_dyeing_catalyst - Unknown registry key in ResourceKey[minecraft:root / minecraft:item]: create_connected:dye_depot_navy_fan_dyeing_catalyst
[29Aug2026 21:21:27.750] [Worker-Main-2/ERROR] [net.minecraft.world.level.storage.loot.LootDataType/]: Couldn't parse element ResourceKey[minecraft:root / minecraft:loot_table]:dndecor:blocks/amber_large_cogwheel - Unknown registry key in ResourceKey[minecraft:root / minecraft:item]: dndecor:amber_large_cogwheel
[29Aug2026 21:21:27.753] [Worker-Main-2/ERROR] [net.minecraft.world.level.storage.loot.LootDataType/]: Couldn't parse element ResourceKey[minecraft:root / minecraft:loot_table]:dndecor:blocks/maroon_cogwheel - Unknown registry key in ResourceKey[minecraft:root / minecraft:item]: dndecor:maroon_cogwheel
[29Aug2026 21:21:27.754] [Worker-Main-2/ERROR] [net.minecraft.world.level.storage.loot.LootDataType/]: Couldn't parse element ResourceKey[minecraft:root / minecraft:loot_table]:dndecor:blocks/aqua_dark_metal_block - Unknown registry key in ResourceKey[minecraft:root / minecraft:item]: dndecor:aqua_dark_metal_block
[29Aug2026 21:21:27.754] [Worker-Main-2/ERROR] [net.minecraft.world.level.storage.loot.LootDataType/]: Couldn't parse element ResourceKey[minecraft:root / minecraft:loot_table]:dndecor:blocks/indigo_dark_metal_plating - Unknown registry key in ResourceKey[minecraft:root / minecraft:item]: dndecor:indigo_dark_metal_plating
[29Aug2026 21:21:27.763] [Worker-Main-2/ERROR] [net.minecraft.world.level.storage.loot.LootDataType/]: Couldn't parse element ResourceKey[minecraft:root / minecraft:loot_table]:dndecor:blocks/tan_sheet_metal - Unknown registry key in ResourceKey[minecraft:root / minecraft:item]: dndecor:tan_sheet_metal
[29Aug2026 21:21:27.764] [Worker-Main-2/ERROR] [net.minecraft.world.level.storage.loot.LootDataType/]: Couldn't parse element ResourceKey[minecraft:root / minecraft:loot_table]:dndecor:blocks/forest_cogwheel - Unknown registry key in ResourceKey[minecraft:root / minecraft:item]: dndecor:forest_cogwheel
[29Aug2026 21:21:27.768] [Worker-Main-2/ERROR] [net.minecraft.world.level.storage.loot.LootDataType/]: Couldn't parse element ResourceKey[minecraft:root / minecraft:loot_table]:dndecor:blocks/solid_indigo_container - Unknown registry key in ResourceKey[minecraft:root / minecraft:item]: dndecor:solid_indigo_container
[29Aug2026 21:21:27.771] [Worker-Main-2/ERROR] [net.minecraft.world.level.storage.loot.LootDataType/]: Couldn't parse element ResourceKey[minecraft:root / minecraft:loot_table]:dndecor:blocks/solid_rose_container - Unknown registry key in ResourceKey[minecraft:root / minecraft:item]: dndecor:solid_rose_container
[29Aug2026 21:21:27.778] [Worker-Main-2/ERROR] [net.minecraft.world.level.storage.loot.LootDataType/]: Couldn't parse element ResourceKey[minecraft:root / minecraft:loot_table]:dndecor:blocks/rose_velvet_block - Unknown registry key in ResourceKey[minecraft:root / minecraft:item]: dndecor:rose_velvet_block
[29Aug2026 21:21:27.781] [Worker-Main-2/ERROR] [net.minecraft.world.level.storage.loot.LootDataType/]: Couldn't parse element ResourceKey[minecraft:root / minecraft:loot_table]:dndecor:blocks/tan_cogwheel - Unknown registry key in ResourceKey[minecraft:root / minecraft:item]: dndecor:tan_cogwheel
[29Aug2026 21:21:27.784] [Worker-Main-2/ERROR] [net.minecraft.world.level.storage.loot.LootDataType/]: Couldn't parse element ResourceKey[minecraft:root / minecraft:loot_table]:dndecor:blocks/olive_large_industrial_cogwheel - Unknown registry key in ResourceKey[minecraft:root / minecraft:item]: dndecor:olive_large_industrial_cogwheel
[29Aug2026 21:21:27.785] [Worker-Main-2/ERROR] [net.minecraft.world.level.storage.loot.LootDataType/]: Couldn't parse element ResourceKey[minecraft:root / minecraft:loot_table]:dndecor:blocks/maroon_dark_metal_block - Unknown registry key in ResourceKey[minecraft:root / minecraft:item]: dndecor:maroon_dark_metal_block
[29Aug2026 21:21:27.787] [Worker-Main-2/ERROR] [net.minecraft.world.level.storage.loot.LootDataType/]: Couldn't parse element ResourceKey[minecraft:root / minecraft:loot_table]:dndecor:blocks/solid_navy_container - Unknown registry key in ResourceKey[minecraft:root / minecraft:item]: dndecor:solid_navy_container
[29Aug2026 21:21:27.789] [Worker-Main-2/ERROR] [net.minecraft.world.level.storage.loot.LootDataType/]: Couldn't parse element ResourceKey[minecraft:root / minecraft:loot_table]:dndecor:blocks/teal_dark_metal_block - Unknown registry key in ResourceKey[minecraft:root / minecraft:item]: dndecor:teal_dark_metal_block
[29Aug2026 21:21:27.794] [Worker-Main-2/ERROR] [net.minecraft.world.level.storage.loot.LootDataType/]: Couldn't parse element ResourceKey[minecraft:root / minecraft:loot_table]:dndecor:blocks/amber_large_metal_girder - Unknown registry key in ResourceKey[minecraft:root / minecraft:item]: dndecor:amber_large_metal_girder
[29Aug2026 21:21:27.796] [Worker-Main-2/ERROR] [net.minecraft.world.level.storage.loot.LootDataType/]: Couldn't parse element ResourceKey[minecraft:root / minecraft:loot_table]:dndecor:blocks/rose_dark_metal_plating - Unknown registry key in ResourceKey[minecraft:root / minecraft:item]: dndecor:rose_dark_metal_plating
[29Aug2026 21:21:27.799] [Worker-Main-2/ERROR] [net.minecraft.world.level.storage.loot.LootDataType/]: Couldn't parse element ResourceKey[minecraft:root / minecraft:loot_table]:dndecor:blocks/aqua_dark_metal_plating - Unknown registry key in ResourceKey[minecraft:root / minecraft:item]: dndecor:aqua_dark_metal_plating
[29Aug2026 21:21:27.809] [Worker-Main-2/ERROR] [net.minecraft.world.level.storage.loot.LootDataType/]: Couldn't parse element ResourceKey[minecraft:root / minecraft:loot_table]:dndecor:blocks/olive_container - Unknown registry key in ResourceKey[minecraft:root / minecraft:item]: dndecor:olive_container
[29Aug2026 21:21:27.811] [Worker-Main-2/ERROR] [net.minecraft.world.level.storage.loot.LootDataType/]: Couldn't parse element ResourceKey[minecraft:root / minecraft:loot_table]:create_connected:blocks/dye_depot_coral_fan_dyeing_catalyst - Unknown registry key in ResourceKey[minecraft:root / minecraft:item]: create_connected:dye_depot_coral_fan_dyeing_catalyst
[29Aug2026 21:21:27.814] [Worker-Main-2/ERROR] [net.minecraft.world.level.storage.loot.LootDataType/]: Couldn't parse element ResourceKey[minecraft:root / minecraft:loot_table]:dndecor:blocks/slate_display_board - Unknown registry key in ResourceKey[minecraft:root / minecraft:item]: dndecor:slate_display_board
[29Aug2026 21:21:27.819] [Worker-Main-2/ERROR] [net.minecraft.world.level.storage.loot.LootDataType/]: Couldn't parse element ResourceKey[minecraft:root / minecraft:loot_table]:dndecor:blocks/teal_cogwheel - Unknown registry key in ResourceKey[minecraft:root / minecraft:item]: dndecor:teal_cogwheel
[29Aug2026 21:21:27.822] [Worker-Main-2/ERROR] [net.minecraft.world.level.storage.loot.LootDataType/]: Couldn't parse element ResourceKey[minecraft:root / minecraft:loot_table]:dndecor:blocks/navy_industrial_cogwheel - Unknown registry key in ResourceKey[minecraft:root / minecraft:item]: dndecor:navy_industrial_cogwheel
[29Aug2026 21:21:27.823] [Worker-Main-2/ERROR] [net.minecraft.world.level.storage.loot.LootDataType/]: Couldn't parse element ResourceKey[minecraft:root / minecraft:loot_table]:dndecor:blocks/verdant_large_metal_girder - Unknown registry key in ResourceKey[minecraft:root / minecraft:item]: dndecor:verdant_large_metal_girder
[29Aug2026 21:21:27.828] [Worker-Main-2/ERROR] [net.minecraft.world.level.storage.loot.LootDataType/]: Couldn't parse element ResourceKey[minecraft:root / minecraft:loot_table]:create_connected:blocks/dye_depot_forest_fan_dyeing_catalyst - Unknown registry key in ResourceKey[minecraft:root / minecraft:item]: create_connected:dye_depot_forest_fan_dyeing_catalyst
[29Aug2026 21:21:27.830] [Worker-Main-2/ERROR] [net.minecraft.world.level.storage.loot.LootDataType/]: Couldn't parse element ResourceKey[minecraft:root / minecraft:loot_table]:dndecor:blocks/coral_velvet_block - Unknown registry key in ResourceKey[minecraft:root / minecraft:item]: dndecor:coral_velvet_block
[29Aug2026 21:21:27.839] [Worker-Main-2/ERROR] [net.minecraft.world.level.storage.loot.LootDataType/]: Couldn't parse element ResourceKey[minecraft:root / minecraft:loot_table]:dndecor:blocks/coral_flywheel - Unknown registry key in ResourceKey[minecraft:root / minecraft:item]: dndecor:coral_flywheel
[29Aug2026 21:21:27.844] [Worker-Main-2/ERROR] [net.minecraft.world.level.storage.loot.LootDataType/]: Couldn't parse element ResourceKey[minecraft:root / minecraft:loot_table]:dndecor:blocks/navy_large_metal_girder - Unknown registry key in ResourceKey[minecraft:root / minecraft:item]: dndecor:navy_large_metal_girder
[29Aug2026 21:21:27.845] [Worker-Main-2/ERROR] [net.minecraft.world.level.storage.loot.LootDataType/]: Couldn't parse element ResourceKey[minecraft:root / minecraft:loot_table]:dndecor:blocks/slate_large_cogwheel - Unknown registry key in ResourceKey[minecraft:root / minecraft:item]: dndecor:slate_large_cogwheel
[29Aug2026 21:21:27.847] [Worker-Main-2/ERROR] [net.minecraft.world.level.storage.loot.LootDataType/]: Couldn't parse element ResourceKey[minecraft:root / minecraft:loot_table]:dndecor:blocks/beige_dark_metal_block - Unknown registry key in ResourceKey[minecraft:root / minecraft:item]: dndecor:beige_dark_metal_block
[29Aug2026 21:21:27.849] [Worker-Main-2/ERROR] [net.minecraft.world.level.storage.loot.LootDataType/]: Couldn't parse element ResourceKey[minecraft:root / minecraft:loot_table]:dndecor:blocks/maroon_stone_metal - Unknown registry key in ResourceKey[minecraft:root / minecraft:item]: dndecor:maroon_stone_metal
[29Aug2026 21:21:27.850] [Worker-Main-2/ERROR] [net.minecraft.world.level.storage.loot.LootDataType/]: Couldn't parse element ResourceKey[minecraft:root / minecraft:loot_table]:dndecor:blocks/rose_large_cogwheel - Unknown registry key in ResourceKey[minecraft:root / minecraft:item]: dndecor:rose_large_cogwheel
[29Aug2026 21:21:27.854] [Worker-Main-2/ERROR] [net.minecraft.world.level.storage.loot.LootDataType/]: Couldn't parse element ResourceKey[minecraft:root / minecraft:loot_table]:dndecor:blocks/solid_coral_container - Unknown registry key in ResourceKey[minecraft:root / minecraft:item]: dndecor:solid_coral_container
[29Aug2026 21:21:27.856] [Worker-Main-2/ERROR] [net.minecraft.world.level.storage.loot.LootDataType/]: Couldn't parse element ResourceKey[minecraft:root / minecraft:loot_table]:dndecor:blocks/ginger_flywheel - Unknown registry key in ResourceKey[minecraft:root / minecraft:item]: dndecor:ginger_flywheel
[29Aug2026 21:21:27.857] [Worker-Main-2/ERROR] [net.minecraft.world.level.storage.loot.LootDataType/]: Couldn't parse element ResourceKey[minecraft:root / minecraft:loot_table]:dndecor:blocks/teal_large_fan - Unknown registry key in ResourceKey[minecraft:root / minecraft:item]: dndecor:teal_large_fan
[29Aug2026 21:21:27.859] [Worker-Main-2/ERROR] [net.minecraft.world.level.storage.loot.LootDataType/]: Couldn't parse element ResourceKey[minecraft:root / minecraft:loot_table]:dndecor:blocks/forest_stone_metal - Unknown registry key in ResourceKey[minecraft:root / minecraft:item]: dndecor:forest_stone_metal
[29Aug2026 21:21:27.859] [Worker-Main-2/ERROR] [net.minecraft.world.level.storage.loot.LootDataType/]: Couldn't parse element ResourceKey[minecraft:root / minecraft:loot_table]:dndecor:blocks/beige_dark_metal_plating - Unknown registry key in ResourceKey[minecraft:root / minecraft:item]: dndecor:beige_dark_metal_plating
[29Aug2026 21:21:27.860] [Worker-Main-2/ERROR] [net.minecraft.world.level.storage.loot.LootDataType/]: Couldn't parse element ResourceKey[minecraft:root / minecraft:loot_table]:dndecor:blocks/verdant_velvet_block - Unknown registry key in ResourceKey[minecraft:root / minecraft:item]: dndecor:verdant_velvet_block
[29Aug2026 21:21:27.863] [Worker-Main-2/ERROR] [net.minecraft.world.level.storage.loot.LootDataType/]: Couldn't parse element ResourceKey[minecraft:root / minecraft:loot_table]:dndecor:blocks/aqua_display_board - Unknown registry key in ResourceKey[minecraft:root / minecraft:item]: dndecor:aqua_display_board
[29Aug2026 21:21:27.881] [Worker-Main-2/ERROR] [net.minecraft.world.level.storage.loot.LootDataType/]: Couldn't parse element ResourceKey[minecraft:root / minecraft:loot_table]:dndecor:blocks/aqua_small_deepslate_tiles - Unknown registry key in ResourceKey[minecraft:root / minecraft:item]: dndecor:aqua_small_deepslate_tiles
[29Aug2026 21:21:27.882] [Worker-Main-2/ERROR] [net.minecraft.world.level.storage.loot.LootDataType/]: Couldn't parse element ResourceKey[minecraft:root / minecraft:loot_table]:dndecor:blocks/forest_container - Unknown registry key in ResourceKey[minecraft:root / minecraft:item]: dndecor:forest_container
[29Aug2026 21:21:27.884] [Worker-Main-2/ERROR] [net.minecraft.world.level.storage.loot.LootDataType/]: Couldn't parse element ResourceKey[minecraft:root / minecraft:loot_table]:dndecor:blocks/amber_flywheel - Unknown registry key in ResourceKey[minecraft:root / minecraft:item]: dndecor:amber_flywheel
[29Aug2026 21:21:27.885] [Worker-Main-2/ERROR] [net.minecraft.world.level.storage.loot.LootDataType/]: Couldn't parse element ResourceKey[minecraft:root / minecraft:loot_table]:dndecor:blocks/solid_tan_container - Unknown registry key in ResourceKey[minecraft:root / minecraft:item]: dndecor:solid_tan_container
[29Aug2026 21:21:27.892] [Worker-Main-2/ERROR] [net.minecraft.world.level.storage.loot.LootDataType/]: Couldn't parse element ResourceKey[minecraft:root / minecraft:loot_table]:dndecor:blocks/slate_sheet_metal - Unknown registry key in ResourceKey[minecraft:root / minecraft:item]: dndecor:slate_sheet_metal
[29Aug2026 21:21:27.895] [Worker-Main-2/ERROR] [net.minecraft.world.level.storage.loot.LootDataType/]: Couldn't parse element ResourceKey[minecraft:root / minecraft:loot_table]:dndecor:blocks/teal_small_deepslate_tiles - Unknown registry key in ResourceKey[minecraft:root / minecraft:item]: dndecor:teal_small_deepslate_tiles
[29Aug2026 21:21:27.897] [Worker-Main-2/ERROR] [net.minecraft.world.level.storage.loot.LootDataType/]: Couldn't parse element ResourceKey[minecraft:root / minecraft:loot_table]:dndecor:blocks/forest_sheet_metal - Unknown registry key in ResourceKey[minecraft:root / minecraft:item]: dndecor:forest_sheet_metal
[29Aug2026 21:21:27.897] [Worker-Main-2/ERROR] [net.minecraft.world.level.storage.loot.LootDataType/]: Couldn't parse element ResourceKey[minecraft:root / minecraft:loot_table]:dndecor:blocks/slate_large_industrial_cogwheel - Unknown registry key in ResourceKey[minecraft:root / minecraft:item]: dndecor:slate_large_industrial_cogwheel
[29Aug2026 21:21:27.898] [Worker-Main-2/ERROR] [net.minecraft.world.level.storage.loot.LootDataType/]: Couldn't parse element ResourceKey[minecraft:root / minecraft:loot_table]:dndecor:blocks/beige_large_metal_girder - Unknown registry key in ResourceKey[minecraft:root / minecraft:item]: dndecor:beige_large_metal_girder
[29Aug2026 21:21:27.900] [Worker-Main-2/ERROR] [net.minecraft.world.level.storage.loot.LootDataType/]: Couldn't parse element ResourceKey[minecraft:root / minecraft:loot_table]:dndecor:blocks/amber_sheet_metal - Unknown registry key in ResourceKey[minecraft:root / minecraft:item]: dndecor:amber_sheet_metal
[29Aug2026 21:21:27.900] [Worker-Main-2/ERROR] [net.minecraft.world.level.storage.loot.LootDataType/]: Couldn't parse element ResourceKey[minecraft:root / minecraft:loot_table]:create_connected:blocks/dye_depot_aqua_fan_dyeing_catalyst - Unknown registry key in ResourceKey[minecraft:root / minecraft:item]: create_connected:dye_depot_aqua_fan_dyeing_catalyst
[29Aug2026 21:21:27.901] [Worker-Main-2/ERROR] [net.minecraft.world.level.storage.loot.LootDataType/]: Couldn't parse element ResourceKey[minecraft:root / minecraft:loot_table]:dndecor:blocks/coral_large_industrial_cogwheel - Unknown registry key in ResourceKey[minecraft:root / minecraft:item]: dndecor:coral_large_industrial_cogwheel
[29Aug2026 21:21:27.907] [Worker-Main-2/ERROR] [net.minecraft.world.level.storage.loot.LootDataType/]: Couldn't parse element ResourceKey[minecraft:root / minecraft:loot_table]:dndecor:blocks/verdant_stone_metal - Unknown registry key in ResourceKey[minecraft:root / minecraft:item]: dndecor:verdant_stone_metal
[29Aug2026 21:21:27.908] [Worker-Main-2/ERROR] [net.minecraft.world.level.storage.loot.LootDataType/]: Couldn't parse element ResourceKey[minecraft:root / minecraft:loot_table]:dndecor:blocks/coral_large_fan - Unknown registry key in ResourceKey[minecraft:root / minecraft:item]: dndecor:coral_large_fan
[29Aug2026 21:21:27.909] [Worker-Main-2/ERROR] [net.minecraft.world.level.storage.loot.LootDataType/]: Couldn't parse element ResourceKey[minecraft:root / minecraft:loot_table]:dndecor:blocks/tan_stone_metal - Unknown registry key in ResourceKey[minecraft:root / minecraft:item]: dndecor:tan_stone_metal
[29Aug2026 21:21:27.911] [Worker-Main-2/ERROR] [net.minecraft.world.level.storage.loot.LootDataType/]: Couldn't parse element ResourceKey[minecraft:root / minecraft:loot_table]:dndecor:blocks/aqua_large_metal_girder - Unknown registry key in ResourceKey[minecraft:root / minecraft:item]: dndecor:aqua_large_metal_girder
[29Aug2026 21:21:27.915] [Worker-Main-2/ERROR] [net.minecraft.world.level.storage.loot.LootDataType/]: Couldn't parse element ResourceKey[minecraft:root / minecraft:loot_table]:dndecor:blocks/tan_industrial_cogwheel - Unknown registry key in ResourceKey[minecraft:root / minecraft:item]: dndecor:tan_industrial_cogwheel
[29Aug2026 21:21:27.920] [Worker-Main-2/ERROR] [net.minecraft.world.level.storage.loot.LootDataType/]: Couldn't parse element ResourceKey[minecraft:root / minecraft:loot_table]:dndecor:blocks/navy_velvet_block - Unknown registry key in ResourceKey[minecraft:root / minecraft:item]: dndecor:navy_velvet_block
[29Aug2026 21:21:27.927] [Worker-Main-2/ERROR] [net.minecraft.world.level.storage.loot.LootDataType/]: Couldn't parse element ResourceKey[minecraft:root / minecraft:loot_table]:dndecor:blocks/verdant_container - Unknown registry key in ResourceKey[minecraft:root / minecraft:item]: dndecor:verdant_container
[29Aug2026 21:21:27.930] [Worker-Main-2/ERROR] [net.minecraft.world.level.storage.loot.LootDataType/]: Couldn't parse element ResourceKey[minecraft:root / minecraft:loot_table]:dndecor:blocks/indigo_large_metal_girder - Unknown registry key in ResourceKey[minecraft:root / minecraft:item]: dndecor:indigo_large_metal_girder
[29Aug2026 21:21:27.930] [Worker-Main-2/ERROR] [net.minecraft.world.level.storage.loot.LootDataType/]: Couldn't parse element ResourceKey[minecraft:root / minecraft:loot_table]:dndecor:blocks/mint_display_board - Unknown registry key in ResourceKey[minecraft:root / minecraft:item]: dndecor:mint_display_board
[29Aug2026 21:21:27.938] [Worker-Main-2/ERROR] [net.minecraft.world.level.storage.loot.LootDataType/]: Couldn't parse element ResourceKey[minecraft:root / minecraft:loot_table]:dndecor:blocks/mint_large_fan - Unknown registry key in ResourceKey[minecraft:root / minecraft:item]: dndecor:mint_large_fan
[29Aug2026 21:21:27.939] [Worker-Main-2/ERROR] [net.minecraft.world.level.storage.loot.LootDataType/]: Couldn't parse element ResourceKey[minecraft:root / minecraft:loot_table]:dndecor:blocks/slate_industrial_cogwheel - Unknown registry key in ResourceKey[minecraft:root / minecraft:item]: dndecor:slate_industrial_cogwheel
[29Aug2026 21:21:27.939] [Worker-Main-2/ERROR] [net.minecraft.world.level.storage.loot.LootDataType/]: Couldn't parse element ResourceKey[minecraft:root / minecraft:loot_table]:create_connected:blocks/dye_depot_ginger_fan_dyeing_catalyst - Unknown registry key in ResourceKey[minecraft:root / minecraft:item]: create_connected:dye_depot_ginger_fan_dyeing_catalyst
[29Aug2026 21:21:27.940] [Worker-Main-2/ERROR] [net.minecraft.world.level.storage.loot.LootDataType/]: Couldn't parse element ResourceKey[minecraft:root / minecraft:loot_table]:dndecor:blocks/aqua_large_industrial_cogwheel - Unknown registry key in ResourceKey[minecraft:root / minecraft:item]: dndecor:aqua_large_industrial_cogwheel
[29Aug2026 21:21:27.946] [Worker-Main-2/ERROR] [net.minecraft.world.level.storage.loot.LootDataType/]: Couldn't parse element ResourceKey[minecraft:root / minecraft:loot_table]:dndecor:blocks/verdant_dark_metal_plating - Unknown registry key in ResourceKey[minecraft:root / minecraft:item]: dndecor:verdant_dark_metal_plating
[29Aug2026 21:21:27.951] [Worker-Main-2/ERROR] [net.minecraft.world.level.storage.loot.LootDataType/]: Couldn't parse element ResourceKey[minecraft:root / minecraft:loot_table]:dndecor:blocks/rose_industrial_cogwheel - Unknown registry key in ResourceKey[minecraft:root / minecraft:item]: dndecor:rose_industrial_cogwheel
[29Aug2026 21:21:27.952] [Worker-Main-2/ERROR] [net.minecraft.world.level.storage.loot.LootDataType/]: Couldn't parse element ResourceKey[minecraft:root / minecraft:loot_table]:dndecor:blocks/solid_verdant_container - Unknown registry key in ResourceKey[minecraft:root / minecraft:item]: dndecor:solid_verdant_container
[29Aug2026 21:21:27.955] [Worker-Main-2/ERROR] [net.minecraft.world.level.storage.loot.LootDataType/]: Couldn't parse element ResourceKey[minecraft:root / minecraft:loot_table]:dndecor:blocks/slate_velvet_block - Unknown registry key in ResourceKey[minecraft:root / minecraft:item]: dndecor:slate_velvet_block
[29Aug2026 21:21:27.957] [Worker-Main-2/ERROR] [net.minecraft.world.level.storage.loot.LootDataType/]: Couldn't parse element ResourceKey[minecraft:root / minecraft:loot_table]:dndecor:blocks/indigo_large_industrial_cogwheel - Unknown registry key in ResourceKey[minecraft:root / minecraft:item]: dndecor:indigo_large_industrial_cogwheel
[29Aug2026 21:21:27.957] [Worker-Main-2/ERROR] [net.minecraft.world.level.storage.loot.LootDataType/]: Couldn't parse element ResourceKey[minecraft:root / minecraft:loot_table]:dndecor:blocks/amber_industrial_cogwheel - Unknown registry key in ResourceKey[minecraft:root / minecraft:item]: dndecor:amber_industrial_cogwheel
[29Aug2026 21:21:27.959] [Worker-Main-2/ERROR] [net.minecraft.world.level.storage.loot.LootDataType/]: Couldn't parse element ResourceKey[minecraft:root / minecraft:loot_table]:dndecor:blocks/coral_small_deepslate_tiles - Unknown registry key in ResourceKey[minecraft:root / minecraft:item]: dndecor:coral_small_deepslate_tiles
[29Aug2026 21:21:27.966] [Worker-Main-2/ERROR] [net.minecraft.world.level.storage.loot.LootDataType/]: Couldn't parse element ResourceKey[minecraft:root / minecraft:loot_table]:dndecor:blocks/slate_container - Unknown registry key in ResourceKey[minecraft:root / minecraft:item]: dndecor:slate_container
[29Aug2026 21:21:27.969] [Worker-Main-2/ERROR] [net.minecraft.world.level.storage.loot.LootDataType/]: Couldn't parse element ResourceKey[minecraft:root / minecraft:loot_table]:dndecor:blocks/teal_dark_metal_plating - Unknown registry key in ResourceKey[minecraft:root / minecraft:item]: dndecor:teal_dark_metal_plating
[29Aug2026 21:21:27.976] [Worker-Main-2/ERROR] [net.minecraft.world.level.storage.loot.LootDataType/]: Couldn't parse element ResourceKey[minecraft:root / minecraft:loot_table]:dndecor:blocks/ginger_large_metal_girder - Unknown registry key in ResourceKey[minecraft:root / minecraft:item]: dndecor:ginger_large_metal_girder
[29Aug2026 21:21:27.987] [Worker-Main-2/ERROR] [net.minecraft.world.level.storage.loot.LootDataType/]: Couldn't parse element ResourceKey[minecraft:root / minecraft:loot_table]:dndecor:blocks/mint_large_industrial_cogwheel - Unknown registry key in ResourceKey[minecraft:root / minecraft:item]: dndecor:mint_large_industrial_cogwheel
[29Aug2026 21:21:27.989] [Worker-Main-2/ERROR] [net.minecraft.world.level.storage.loot.LootDataType/]: Couldn't parse element ResourceKey[minecraft:root / minecraft:loot_table]:dndecor:blocks/olive_large_metal_girder - Unknown registry key in ResourceKey[minecraft:root / minecraft:item]: dndecor:olive_large_metal_girder
[29Aug2026 21:21:27.992] [Worker-Main-2/ERROR] [net.minecraft.world.level.storage.loot.LootDataType/]: Couldn't parse element ResourceKey[minecraft:root / minecraft:loot_table]:dndecor:blocks/navy_large_cogwheel - Unknown registry key in ResourceKey[minecraft:root / minecraft:item]: dndecor:navy_large_cogwheel
[29Aug2026 21:21:27.999] [Worker-Main-2/ERROR] [net.minecraft.world.level.storage.loot.LootDataType/]: Couldn't parse element ResourceKey[minecraft:root / minecraft:loot_table]:dndecor:blocks/rose_flywheel - Unknown registry key in ResourceKey[minecraft:root / minecraft:item]: dndecor:rose_flywheel
[29Aug2026 21:21:28.001] [Worker-Main-2/ERROR] [net.minecraft.world.level.storage.loot.LootDataType/]: Couldn't parse element ResourceKey[minecraft:root / minecraft:loot_table]:dndecor:blocks/solid_aqua_container - Unknown registry key in ResourceKey[minecraft:root / minecraft:item]: dndecor:solid_aqua_container
[29Aug2026 21:21:28.003] [Worker-Main-2/ERROR] [net.minecraft.world.level.storage.loot.LootDataType/]: Couldn't parse element ResourceKey[minecraft:root / minecraft:loot_table]:dndecor:blocks/amber_large_industrial_cogwheel - Unknown registry key in ResourceKey[minecraft:root / minecraft:item]: dndecor:amber_large_industrial_cogwheel
[29Aug2026 21:21:28.007] [Worker-Main-2/ERROR] [net.minecraft.world.level.storage.loot.LootDataType/]: Couldn't parse element ResourceKey[minecraft:root / minecraft:loot_table]:dndecor:blocks/mint_flywheel - Unknown registry key in ResourceKey[minecraft:root / minecraft:item]: dndecor:mint_flywheel
[29Aug2026 21:21:28.011] [Worker-Main-2/ERROR] [net.minecraft.world.level.storage.loot.LootDataType/]: Couldn't parse element ResourceKey[minecraft:root / minecraft:loot_table]:dndecor:blocks/forest_industrial_cogwheel - Unknown registry key in ResourceKey[minecraft:root / minecraft:item]: dndecor:forest_industrial_cogwheel
[29Aug2026 21:21:28.015] [Worker-Main-2/ERROR] [net.minecraft.world.level.storage.loot.LootDataType/]: Couldn't parse element ResourceKey[minecraft:root / minecraft:loot_table]:dndecor:blocks/tan_container - Unknown registry key in ResourceKey[minecraft:root / minecraft:item]: dndecor:tan_container
[29Aug2026 21:21:28.015] [Worker-Main-2/ERROR] [net.minecraft.world.level.storage.loot.LootDataType/]: Couldn't parse element ResourceKey[minecraft:root / minecraft:loot_table]:dndecor:blocks/verdant_dark_metal_block - Unknown registry key in ResourceKey[minecraft:root / minecraft:item]: dndecor:verdant_dark_metal_block
[29Aug2026 21:21:28.019] [Worker-Main-2/ERROR] [net.minecraft.world.level.storage.loot.LootDataType/]: Couldn't parse element ResourceKey[minecraft:root / minecraft:loot_table]:dndecor:blocks/indigo_industrial_cogwheel - Unknown registry key in ResourceKey[minecraft:root / minecraft:item]: dndecor:indigo_industrial_cogwheel
[29Aug2026 21:21:28.020] [Worker-Main-2/ERROR] [net.minecraft.world.level.storage.loot.LootDataType/]: Couldn't parse element ResourceKey[minecraft:root / minecraft:loot_table]:dndecor:blocks/forest_large_fan - Unknown registry key in ResourceKey[minecraft:root / minecraft:item]: dndecor:forest_large_fan
[29Aug2026 21:21:28.024] [Worker-Main-2/ERROR] [net.minecraft.world.level.storage.loot.LootDataType/]: Couldn't parse element ResourceKey[minecraft:root / minecraft:loot_table]:dndecor:blocks/teal_display_board - Unknown registry key in ResourceKey[minecraft:root / minecraft:item]: dndecor:teal_display_board
[29Aug2026 21:21:28.032] [Worker-Main-2/ERROR] [net.minecraft.world.level.storage.loot.LootDataType/]: Couldn't parse element ResourceKey[minecraft:root / minecraft:loot_table]:create_connected:blocks/dye_depot_maroon_fan_dyeing_catalyst - Unknown registry key in ResourceKey[minecraft:root / minecraft:item]: create_connected:dye_depot_maroon_fan_dyeing_catalyst
[29Aug2026 21:21:28.034] [Worker-Main-2/ERROR] [net.minecraft.world.level.storage.loot.LootDataType/]: Couldn't parse element ResourceKey[minecraft:root / minecraft:loot_table]:dndecor:blocks/teal_velvet_block - Unknown registry key in ResourceKey[minecraft:root / minecraft:item]: dndecor:teal_velvet_block
[29Aug2026 21:21:28.039] [Worker-Main-2/ERROR] [net.minecraft.world.level.storage.loot.LootDataType/]: Couldn't parse element ResourceKey[minecraft:root / minecraft:loot_table]:dndecor:blocks/slate_large_fan - Unknown registry key in ResourceKey[minecraft:root / minecraft:item]: dndecor:slate_large_fan
[29Aug2026 21:21:28.041] [Worker-Main-2/ERROR] [net.minecraft.world.level.storage.loot.LootDataType/]: Couldn't parse element ResourceKey[minecraft:root / minecraft:loot_table]:dndecor:blocks/olive_flywheel - Unknown registry key in ResourceKey[minecraft:root / minecraft:item]: dndecor:olive_flywheel
[29Aug2026 21:21:28.041] [Worker-Main-2/ERROR] [net.minecraft.world.level.storage.loot.LootDataType/]: Couldn't parse element ResourceKey[minecraft:root / minecraft:loot_table]:dndecor:blocks/navy_container - Unknown registry key in ResourceKey[minecraft:root / minecraft:item]: dndecor:navy_container
[29Aug2026 21:21:28.043] [Worker-Main-2/ERROR] [net.minecraft.world.level.storage.loot.LootDataType/]: Couldn't parse element ResourceKey[minecraft:root / minecraft:loot_table]:dndecor:blocks/mint_large_cogwheel - Unknown registry key in ResourceKey[minecraft:root / minecraft:item]: dndecor:mint_large_cogwheel
[29Aug2026 21:21:28.048] [Worker-Main-2/ERROR] [net.minecraft.world.level.storage.loot.LootDataType/]: Couldn't parse element ResourceKey[minecraft:root / minecraft:loot_table]:dndecor:blocks/coral_dark_metal_plating - Unknown registry key in ResourceKey[minecraft:root / minecraft:item]: dndecor:coral_dark_metal_plating
[29Aug2026 21:21:28.049] [Worker-Main-2/ERROR] [net.minecraft.world.level.storage.loot.LootDataType/]: Couldn't parse element ResourceKey[minecraft:root / minecraft:loot_table]:dndecor:blocks/ginger_container - Unknown registry key in ResourceKey[minecraft:root / minecraft:item]: dndecor:ginger_container
[29Aug2026 21:21:28.055] [Worker-Main-2/ERROR] [net.minecraft.world.level.storage.loot.LootDataType/]: Couldn't parse element ResourceKey[minecraft:root / minecraft:loot_table]:dndecor:blocks/ginger_large_cogwheel - Unknown registry key in ResourceKey[minecraft:root / minecraft:item]: dndecor:ginger_large_cogwheel
[29Aug2026 21:21:28.057] [Worker-Main-2/ERROR] [net.minecraft.world.level.storage.loot.LootDataType/]: Couldn't parse element ResourceKey[minecraft:root / minecraft:loot_table]:dndecor:blocks/verdant_large_fan - Unknown registry key in ResourceKey[minecraft:root / minecraft:item]: dndecor:verdant_large_fan
[29Aug2026 21:21:28.059] [Worker-Main-2/ERROR] [net.minecraft.world.level.storage.loot.LootDataType/]: Couldn't parse element ResourceKey[minecraft:root / minecraft:loot_table]:dndecor:blocks/slate_cogwheel - Unknown registry key in ResourceKey[minecraft:root / minecraft:item]: dndecor:slate_cogwheel
[29Aug2026 21:21:28.063] [Worker-Main-2/ERROR] [net.minecraft.world.level.storage.loot.LootDataType/]: Couldn't parse element ResourceKey[minecraft:root / minecraft:loot_table]:dndecor:blocks/solid_slate_container - Unknown registry key in ResourceKey[minecraft:root / minecraft:item]: dndecor:solid_slate_container
[29Aug2026 21:21:28.065] [Worker-Main-2/ERROR] [net.minecraft.world.level.storage.loot.LootDataType/]: Couldn't parse element ResourceKey[minecraft:root / minecraft:loot_table]:create_connected:blocks/dye_depot_olive_fan_dyeing_catalyst - Unknown registry key in ResourceKey[minecraft:root / minecraft:item]: create_connected:dye_depot_olive_fan_dyeing_catalyst
[29Aug2026 21:21:28.068] [Worker-Main-2/ERROR] [net.minecraft.world.level.storage.loot.LootDataType/]: Couldn't parse element ResourceKey[minecraft:root / minecraft:loot_table]:cr_aero_structures:chests/uniform - Failed to parse either. First: Not a number: {"type":"minecraft:uniform","min":0,"max":16777215}; Second: Not a number: {"rgb":{"type":"minecraft:uniform","min":0,"max":16777215}} missed input: {"minecraft:dyed_color":{"rgb":{"type":"minecraft:uniform","min":0,"max":16777215}}}; Failed to parse either. First: Not a number: {"type":"minecraft:uniform","min":0,"max":16777215}; Second: Not a number: {"rgb":{"type":"minecraft:uniform","min":0,"max":16777215}} missed input: {"minecraft:dyed_color":{"rgb":{"type":"minecraft:uniform","min":0,"max":16777215}}}; Failed to parse either. First: Not a number: {"type":"minecraft:uniform","min":0,"max":16777215}; Second: Not a number: {"rgb":{"type":"minecraft:uniform","min":0,"max":16777215}} missed input: {"minecraft:dyed_color":{"rgb":{"type":"minecraft:uniform","min":0,"max":16777215}}}; Failed to parse either. First: Not a number: {"type":"minecraft:uniform","min":0,"max":16777215}; Second: Not a number: {"rgb":{"type":"minecraft:uniform","min":0,"max":16777215}} missed input: {"minecraft:dyed_color":{"rgb":{"type":"minecraft:uniform","min":0,"max":16777215}}}
[29Aug2026 21:21:28.071] [Worker-Main-2/ERROR] [net.minecraft.world.level.storage.loot.LootDataType/]: Couldn't parse element ResourceKey[minecraft:root / minecraft:loot_table]:dndecor:blocks/indigo_velvet_block - Unknown registry key in ResourceKey[minecraft:root / minecraft:item]: dndecor:indigo_velvet_block
[29Aug2026 21:21:28.077] [Worker-Main-2/ERROR] [net.minecraft.world.level.storage.loot.LootDataType/]: Couldn't parse element ResourceKey[minecraft:root / minecraft:loot_table]:dndecor:blocks/tan_large_cogwheel - Unknown registry key in ResourceKey[minecraft:root / minecraft:item]: dndecor:tan_large_cogwheel
[29Aug2026 21:21:28.079] [Worker-Main-2/ERROR] [net.minecraft.world.level.storage.loot.LootDataType/]: Couldn't parse element ResourceKey[minecraft:root / minecraft:loot_table]:dndecor:blocks/navy_dark_metal_plating - Unknown registry key in ResourceKey[minecraft:root / minecraft:item]: dndecor:navy_dark_metal_plating
[29Aug2026 21:21:28.082] [Worker-Main-2/ERROR] [net.minecraft.world.level.storage.loot.LootDataType/]: Couldn't parse element ResourceKey[minecraft:root / minecraft:loot_table]:create_connected:blocks/dye_depot_verdant_fan_dyeing_catalyst - Unknown registry key in ResourceKey[minecraft:root / minecraft:item]: create_connected:dye_depot_verdant_fan_dyeing_catalyst
[29Aug2026 21:21:28.092] [Worker-Main-2/ERROR] [net.minecraft.world.level.storage.loot.LootDataType/]: Couldn't parse element ResourceKey[minecraft:root / minecraft:loot_table]:dndecor:blocks/solid_olive_container - Unknown registry key in ResourceKey[minecraft:root / minecraft:item]: dndecor:solid_olive_container
[29Aug2026 21:21:28.097] [Worker-Main-2/ERROR] [net.minecraft.world.level.storage.loot.LootDataType/]: Couldn't parse element ResourceKey[minecraft:root / minecraft:loot_table]:dndecor:blocks/ginger_small_deepslate_tiles - Unknown registry key in ResourceKey[minecraft:root / minecraft:item]: dndecor:ginger_small_deepslate_tiles
[29Aug2026 21:21:28.112] [Worker-Main-2/ERROR] [net.minecraft.world.level.storage.loot.LootDataType/]: Couldn't parse element ResourceKey[minecraft:root / minecraft:loot_table]:dndecor:blocks/indigo_sheet_metal - Unknown registry key in ResourceKey[minecraft:root / minecraft:item]: dndecor:indigo_sheet_metal
[29Aug2026 21:21:28.113] [Worker-Main-2/ERROR] [net.minecraft.world.level.storage.loot.LootDataType/]: Couldn't parse element ResourceKey[minecraft:root / minecraft:loot_table]:create_connected:blocks/dye_depot_beige_fan_dyeing_catalyst - Unknown registry key in ResourceKey[minecraft:root / minecraft:item]: create_connected:dye_depot_beige_fan_dyeing_catalyst
[29Aug2026 21:21:28.115] [Worker-Main-2/ERROR] [net.minecraft.world.level.storage.loot.LootDataType/]: Couldn't parse element ResourceKey[minecraft:root / minecraft:loot_table]:dndecor:blocks/rose_small_deepslate_tiles - Unknown registry key in ResourceKey[minecraft:root / minecraft:item]: dndecor:rose_small_deepslate_tiles
[29Aug2026 21:21:28.117] [Worker-Main-2/ERROR] [net.minecraft.world.level.storage.loot.LootDataType/]: Couldn't parse element ResourceKey[minecraft:root / minecraft:loot_table]:dndecor:blocks/forest_large_industrial_cogwheel - Unknown registry key in ResourceKey[minecraft:root / minecraft:item]: dndecor:forest_large_industrial_cogwheel
[29Aug2026 21:21:28.118] [Worker-Main-2/ERROR] [net.minecraft.world.level.storage.loot.LootDataType/]: Couldn't parse element ResourceKey[minecraft:root / minecraft:loot_table]:dndecor:blocks/ginger_sheet_metal - Unknown registry key in ResourceKey[minecraft:root / minecraft:item]: dndecor:ginger_sheet_metal
[29Aug2026 21:21:28.133] [Worker-Main-2/ERROR] [net.minecraft.world.level.storage.loot.LootDataType/]: Couldn't parse element ResourceKey[minecraft:root / minecraft:loot_table]:dndecor:blocks/aqua_stone_metal - Unknown registry key in ResourceKey[minecraft:root / minecraft:item]: dndecor:aqua_stone_metal
[29Aug2026 21:21:28.137] [Worker-Main-2/ERROR] [net.minecraft.world.level.storage.loot.LootDataType/]: Couldn't parse element ResourceKey[minecraft:root / minecraft:loot_table]:dndecor:blocks/indigo_stone_metal - Unknown registry key in ResourceKey[minecraft:root / minecraft:item]: dndecor:indigo_stone_metal
[29Aug2026 21:21:28.138] [Worker-Main-2/ERROR] [net.minecraft.world.level.storage.loot.LootDataType/]: Couldn't parse element ResourceKey[minecraft:root / minecraft:loot_table]:dndecor:blocks/amber_dark_metal_plating - Unknown registry key in ResourceKey[minecraft:root / minecraft:item]: dndecor:amber_dark_metal_plating
[29Aug2026 21:21:28.139] [Worker-Main-2/ERROR] [net.minecraft.world.level.storage.loot.LootDataType/]: Couldn't parse element ResourceKey[minecraft:root / minecraft:loot_table]:dndecor:blocks/rose_large_metal_girder - Unknown registry key in ResourceKey[minecraft:root / minecraft:item]: dndecor:rose_large_metal_girder
[29Aug2026 21:21:28.143] [Worker-Main-2/ERROR] [net.minecraft.world.level.storage.loot.LootDataType/]: Couldn't parse element ResourceKey[minecraft:root / minecraft:loot_table]:dndecor:blocks/olive_cogwheel - Unknown registry key in ResourceKey[minecraft:root / minecraft:item]: dndecor:olive_cogwheel
[29Aug2026 21:21:28.145] [Worker-Main-2/ERROR] [net.minecraft.world.level.storage.loot.LootDataType/]: Couldn't parse element ResourceKey[minecraft:root / minecraft:loot_table]:dndecor:blocks/tan_large_metal_girder - Unknown registry key in ResourceKey[minecraft:root / minecraft:item]: dndecor:tan_large_metal_girder
[29Aug2026 21:21:28.149] [Worker-Main-2/ERROR] [net.minecraft.world.level.storage.loot.LootDataType/]: Couldn't parse element ResourceKey[minecraft:root / minecraft:loot_table]:dndecor:blocks/beige_large_industrial_cogwheel - Unknown registry key in ResourceKey[minecraft:root / minecraft:item]: dndecor:beige_large_industrial_cogwheel
[29Aug2026 21:21:28.150] [Worker-Main-2/ERROR] [net.minecraft.world.level.storage.loot.LootDataType/]: Couldn't parse element ResourceKey[minecraft:root / minecraft:loot_table]:dndecor:blocks/mint_container - Unknown registry key in ResourceKey[minecraft:root / minecraft:item]: dndecor:mint_container
[29Aug2026 21:21:28.151] [Worker-Main-2/ERROR] [net.minecraft.world.level.storage.loot.LootDataType/]: Couldn't parse element ResourceKey[minecraft:root / minecraft:loot_table]:dndecor:blocks/mint_velvet_block - Unknown registry key in ResourceKey[minecraft:root / minecraft:item]: dndecor:mint_velvet_block
[29Aug2026 21:21:28.152] [Worker-Main-2/ERROR] [net.minecraft.world.level.storage.loot.LootDataType/]: Couldn't parse element ResourceKey[minecraft:root / minecraft:loot_table]:dndecor:blocks/olive_large_cogwheel - Unknown registry key in ResourceKey[minecraft:root / minecraft:item]: dndecor:olive_large_cogwheel
[29Aug2026 21:21:28.154] [Worker-Main-2/ERROR] [net.minecraft.world.level.storage.loot.LootDataType/]: Couldn't parse element ResourceKey[minecraft:root / minecraft:loot_table]:dndecor:blocks/verdant_flywheel - Unknown registry key in ResourceKey[minecraft:root / minecraft:item]: dndecor:verdant_flywheel
[29Aug2026 21:21:28.155] [Worker-Main-2/ERROR] [net.minecraft.world.level.storage.loot.LootDataType/]: Couldn't parse element ResourceKey[minecraft:root / minecraft:loot_table]:dndecor:blocks/forest_display_board - Unknown registry key in ResourceKey[minecraft:root / minecraft:item]: dndecor:forest_display_board
[29Aug2026 21:21:28.155] [Worker-Main-2/ERROR] [net.minecraft.world.level.storage.loot.LootDataType/]: Couldn't parse element ResourceKey[minecraft:root / minecraft:loot_table]:dndecor:blocks/rose_dark_metal_block - Unknown registry key in ResourceKey[minecraft:root / minecraft:item]: dndecor:rose_dark_metal_block
[29Aug2026 21:21:28.158] [Worker-Main-2/ERROR] [net.minecraft.world.level.storage.loot.LootDataType/]: Couldn't parse element ResourceKey[minecraft:root / minecraft:loot_table]:dndecor:blocks/mint_cogwheel - Unknown registry key in ResourceKey[minecraft:root / minecraft:item]: dndecor:mint_cogwheel
[29Aug2026 21:21:28.160] [Worker-Main-2/ERROR] [net.minecraft.world.level.storage.loot.LootDataType/]: Couldn't parse element ResourceKey[minecraft:root / minecraft:loot_table]:dndecor:blocks/olive_dark_metal_plating - Unknown registry key in ResourceKey[minecraft:root / minecraft:item]: dndecor:olive_dark_metal_plating
[29Aug2026 21:21:28.161] [Worker-Main-2/ERROR] [net.minecraft.world.level.storage.loot.LootDataType/]: Couldn't parse element ResourceKey[minecraft:root / minecraft:loot_table]:create_connected:blocks/dye_depot_teal_fan_dyeing_catalyst - Unknown registry key in ResourceKey[minecraft:root / minecraft:item]: create_connected:dye_depot_teal_fan_dyeing_catalyst
[29Aug2026 21:21:28.171] [Worker-Main-2/ERROR] [net.minecraft.world.level.storage.loot.LootDataType/]: Couldn't parse element ResourceKey[minecraft:root / minecraft:loot_table]:dndecor:blocks/olive_large_fan - Unknown registry key in ResourceKey[minecraft:root / minecraft:item]: dndecor:olive_large_fan
[29Aug2026 21:21:28.176] [Worker-Main-2/ERROR] [net.minecraft.world.level.storage.loot.LootDataType/]: Couldn't parse element ResourceKey[minecraft:root / minecraft:loot_table]:dndecor:blocks/amber_small_deepslate_tiles - Unknown registry key in ResourceKey[minecraft:root / minecraft:item]: dndecor:amber_small_deepslate_tiles
[29Aug2026 21:21:28.182] [Worker-Main-2/ERROR] [net.minecraft.world.level.storage.loot.LootDataType/]: Couldn't parse element ResourceKey[minecraft:root / minecraft:loot_table]:dndecor:blocks/slate_flywheel - Unknown registry key in ResourceKey[minecraft:root / minecraft:item]: dndecor:slate_flywheel
[29Aug2026 21:21:28.184] [Worker-Main-2/ERROR] [net.minecraft.world.level.storage.loot.LootDataType/]: Couldn't parse element ResourceKey[minecraft:root / minecraft:loot_table]:dndecor:blocks/amber_stone_metal - Unknown registry key in ResourceKey[minecraft:root / minecraft:item]: dndecor:amber_stone_metal
[29Aug2026 21:21:28.191] [Worker-Main-2/ERROR] [net.minecraft.world.level.storage.loot.LootDataType/]: Couldn't parse element ResourceKey[minecraft:root / minecraft:loot_table]:dndecor:blocks/teal_large_metal_girder - Unknown registry key in ResourceKey[minecraft:root / minecraft:item]: dndecor:teal_large_metal_girder
[29Aug2026 21:21:28.200] [Worker-Main-2/ERROR] [net.minecraft.world.level.storage.loot.LootDataType/]: Couldn't parse element ResourceKey[minecraft:root / minecraft:loot_table]:dndecor:blocks/navy_large_industrial_cogwheel - Unknown registry key in ResourceKey[minecraft:root / minecraft:item]: dndecor:navy_large_industrial_cogwheel
[29Aug2026 21:21:28.209] [Worker-Main-2/ERROR] [net.minecraft.world.level.storage.loot.LootDataType/]: Couldn't parse element ResourceKey[minecraft:root / minecraft:loot_table]:dndecor:blocks/rose_large_industrial_cogwheel - Unknown registry key in ResourceKey[minecraft:root / minecraft:item]: dndecor:rose_large_industrial_cogwheel
[29Aug2026 21:21:28.214] [Worker-Main-2/ERROR] [net.minecraft.world.level.storage.loot.LootDataType/]: Couldn't parse element ResourceKey[minecraft:root / minecraft:loot_table]:dndecor:blocks/coral_dark_metal_block - Unknown registry key in ResourceKey[minecraft:root / minecraft:item]: dndecor:coral_dark_metal_block
[29Aug2026 21:21:28.215] [Worker-Main-2/ERROR] [net.minecraft.world.level.storage.loot.LootDataType/]: Couldn't parse element ResourceKey[minecraft:root / minecraft:loot_table]:dndecor:blocks/ginger_dark_metal_block - Unknown registry key in ResourceKey[minecraft:root / minecraft:item]: dndecor:ginger_dark_metal_block
[29Aug2026 21:21:28.219] [Worker-Main-2/ERROR] [net.minecraft.world.level.storage.loot.LootDataType/]: Couldn't parse element ResourceKey[minecraft:root / minecraft:loot_table]:dndecor:blocks/rose_container - Unknown registry key in ResourceKey[minecraft:root / minecraft:item]: dndecor:rose_container
[29Aug2026 21:21:28.223] [Worker-Main-2/ERROR] [net.minecraft.world.level.storage.loot.LootDataType/]: Couldn't parse element ResourceKey[minecraft:root / minecraft:loot_table]:dndecor:blocks/amber_cogwheel - Unknown registry key in ResourceKey[minecraft:root / minecraft:item]: dndecor:amber_cogwheel
[29Aug2026 21:21:28.224] [Worker-Main-2/ERROR] [net.minecraft.world.level.storage.loot.LootDataType/]: Couldn't parse element ResourceKey[minecraft:root / minecraft:loot_table]:dndecor:blocks/indigo_large_cogwheel - Unknown registry key in ResourceKey[minecraft:root / minecraft:item]: dndecor:indigo_large_cogwheel
[29Aug2026 21:21:28.225] [Worker-Main-2/ERROR] [net.minecraft.world.level.storage.loot.LootDataType/]: Couldn't parse element ResourceKey[minecraft:root / minecraft:loot_table]:dndecor:blocks/maroon_velvet_block - Unknown registry key in ResourceKey[minecraft:root / minecraft:item]: dndecor:maroon_velvet_block
[29Aug2026 21:21:28.226] [Worker-Main-2/ERROR] [net.minecraft.world.level.storage.loot.LootDataType/]: Couldn't parse element ResourceKey[minecraft:root / minecraft:loot_table]:dndecor:blocks/navy_cogwheel - Unknown registry key in ResourceKey[minecraft:root / minecraft:item]: dndecor:navy_cogwheel
[29Aug2026 21:21:28.228] [Worker-Main-2/ERROR] [net.minecraft.world.level.storage.loot.LootDataType/]: Couldn't parse element ResourceKey[minecraft:root / minecraft:loot_table]:dndecor:blocks/indigo_flywheel - Unknown registry key in ResourceKey[minecraft:root / minecraft:item]: dndecor:indigo_flywheel
[29Aug2026 21:21:28.229] [Worker-Main-2/ERROR] [net.minecraft.world.level.storage.loot.LootDataType/]: Couldn't parse element ResourceKey[minecraft:root / minecraft:loot_table]:dndecor:blocks/amber_dark_metal_block - Unknown registry key in ResourceKey[minecraft:root / minecraft:item]: dndecor:amber_dark_metal_block
[29Aug2026 21:21:28.229] [Worker-Main-2/ERROR] [net.minecraft.world.level.storage.loot.LootDataType/]: Couldn't parse element ResourceKey[minecraft:root / minecraft:loot_table]:dndecor:blocks/verdant_small_deepslate_tiles - Unknown registry key in ResourceKey[minecraft:root / minecraft:item]: dndecor:verdant_small_deepslate_tiles
[29Aug2026 21:21:28.229] [Worker-Main-2/ERROR] [net.minecraft.world.level.storage.loot.LootDataType/]: Couldn't parse element ResourceKey[minecraft:root / minecraft:loot_table]:dndecor:blocks/solid_mint_container - Unknown registry key in ResourceKey[minecraft:root / minecraft:item]: dndecor:solid_mint_container
[29Aug2026 21:21:28.234] [Worker-Main-2/ERROR] [net.minecraft.world.level.storage.loot.LootDataType/]: Couldn't parse element ResourceKey[minecraft:root / minecraft:loot_table]:dndecor:blocks/teal_industrial_cogwheel - Unknown registry key in ResourceKey[minecraft:root / minecraft:item]: dndecor:teal_industrial_cogwheel
[29Aug2026 21:21:28.302] [Worker-Main-2/WARN] [net.minecraft.server.ReloadableServerRegistries/]: Found loot table element validation problem in {minecraft:loot_table:alexscaves:blocks/amber}.pools[1].condition[1]: Parameters [<parameter minecraft:attacking_entity>] are not provided in this context
[29Aug2026 21:21:29.619] [Worker-Main-2/ERROR] [net.minecraft.server.packs.resources.SimpleJsonResourceReloadListener/]: Couldn't parse data file man_of_many_planes:economy_plane from man_of_many_planes:recipe/economy_plane.json
com.google.gson.JsonParseException: java.io.EOFException: End of input at line 1 column 1 path $
	at TRANSFORMER/minecraft@1.21.1/net.minecraft.util.GsonHelper.fromNullableJson(GsonHelper.java:527) ~[server-1.21.1-20240808.144430-srg.jar%23239!/:?]
	at TRANSFORMER/minecraft@1.21.1/net.minecraft.util.GsonHelper.fromJson(GsonHelper.java:532) ~[server-1.21.1-20240808.144430-srg.jar%23239!/:?]
	at TRANSFORMER/minecraft@1.21.1/net.minecraft.util.GsonHelper.fromJson(GsonHelper.java:582) ~[server-1.21.1-20240808.144430-srg.jar%23239!/:?]
	at TRANSFORMER/minecraft@1.21.1/net.minecraft.server.packs.resources.SimpleJsonResourceReloadListener.scanDirectory(SimpleJsonResourceReloadListener.java:42) ~[server-1.21.1-20240808.144430-srg.jar%23239!/:?]
	at TRANSFORMER/minecraft@1.21.1/net.minecraft.server.packs.resources.SimpleJsonResourceReloadListener.prepare(SimpleJsonResourceReloadListener.java:30) ~[server-1.21.1-20240808.144430-srg.jar%23239!/:?]
	at TRANSFORMER/minecraft@1.21.1/net.minecraft.server.packs.resources.SimpleJsonResourceReloadListener.prepare(SimpleJsonResourceReloadListener.java:18) ~[server-1.21.1-20240808.144430-srg.jar%23239!/:?]
	at TRANSFORMER/minecraft@1.21.1/net.minecraft.server.packs.resources.SimplePreparableReloadListener.lambda$reload$0(SimplePreparableReloadListener.java:17) ~[server-1.21.1-20240808.144430-srg.jar%23239!/:?]
	at java.base/java.util.concurrent.CompletableFuture$AsyncSupply.run(CompletableFuture.java:1768) [?:?]
	at java.base/java.util.concurrent.CompletableFuture$AsyncSupply.exec(CompletableFuture.java:1760) [?:?]
	at java.base/java.util.concurrent.ForkJoinTask.doExec(ForkJoinTask.java:387) [?:?]
	at java.base/java.util.concurrent.ForkJoinPool$WorkQueue.topLevelExec(ForkJoinPool.java:1312) [?:?]
	at java.base/java.util.concurrent.ForkJoinPool.scan(ForkJoinPool.java:1843) [?:?]
	at java.base/java.util.concurrent.ForkJoinPool.runWorker(ForkJoinPool.java:1808) [?:?]
	at java.base/java.util.concurrent.ForkJoinWorkerThread.run(ForkJoinWorkerThread.java:188) [?:?]
Caused by: java.io.EOFException: End of input at line 1 column 1 path $
	at MC-BOOTSTRAP/com.google.gson@2.10.1/com.google.gson.stream.JsonReader.nextNonWhitespace(JsonReader.java:1457) ~[gson-2.10.1.jar%2394!/:?]
	at MC-BOOTSTRAP/com.google.gson@2.10.1/com.google.gson.stream.JsonReader.doPeek(JsonReader.java:558) ~[gson-2.10.1.jar%2394!/:?]
	at MC-BOOTSTRAP/com.google.gson@2.10.1/com.google.gson.stream.JsonReader.peek(JsonReader.java:433) ~[gson-2.10.1.jar%2394!/:?]
	at MC-BOOTSTRAP/com.google.gson@2.10.1/com.google.gson.internal.bind.TypeAdapters$28.read(TypeAdapters.java:769) ~[gson-2.10.1.jar%2394!/:?]
	at MC-BOOTSTRAP/com.google.gson@2.10.1/com.google.gson.internal.bind.TypeAdapters$28.read(TypeAdapters.java:725) ~[gson-2.10.1.jar%2394!/:?]
	at MC-BOOTSTRAP/com.google.gson@2.10.1/com.google.gson.internal.bind.TypeAdapters$34$1.read(TypeAdapters.java:1007) ~[gson-2.10.1.jar%2394!/:?]
	at TRANSFORMER/minecraft@1.21.1/net.minecraft.util.GsonHelper.fromNullableJson(GsonHelper.java:525) ~[server-1.21.1-20240808.144430-srg.jar%23239!/:?]
	... 13 more
[29Aug2026 21:21:30.036] [Worker-Main-1/INFO] [epicfight/]: Generated conditional modifier: epicfight:bokken/generated/modifier/ochs
[29Aug2026 21:21:30.038] [Worker-Main-1/INFO] [epicfight/]: Generated moveset modifier: epicfight:bokken/generated/modifier/ochs
[29Aug2026 21:21:30.040] [Worker-Main-2/ERROR] [net.minecraft.server.packs.resources.SimpleJsonResourceReloadListener/]: Couldn't parse data file man_of_many_planes:scarlet_biplane from man_of_many_planes:recipe/scarlet_biplane.json
com.google.gson.JsonParseException: java.io.EOFException: End of input at line 1 column 1 path $
	at TRANSFORMER/minecraft@1.21.1/net.minecraft.util.GsonHelper.fromNullableJson(GsonHelper.java:527) ~[server-1.21.1-20240808.144430-srg.jar%23239!/:?]
	at TRANSFORMER/minecraft@1.21.1/net.minecraft.util.GsonHelper.fromJson(GsonHelper.java:532) ~[server-1.21.1-20240808.144430-srg.jar%23239!/:?]
	at TRANSFORMER/minecraft@1.21.1/net.minecraft.util.GsonHelper.fromJson(GsonHelper.java:582) ~[server-1.21.1-20240808.144430-srg.jar%23239!/:?]
	at TRANSFORMER/minecraft@1.21.1/net.minecraft.server.packs.resources.SimpleJsonResourceReloadListener.scanDirectory(SimpleJsonResourceReloadListener.java:42) ~[server-1.21.1-20240808.144430-srg.jar%23239!/:?]
	at TRANSFORMER/minecraft@1.21.1/net.minecraft.server.packs.resources.SimpleJsonResourceReloadListener.prepare(SimpleJsonResourceReloadListener.java:30) ~[server-1.21.1-20240808.144430-srg.jar%23239!/:?]
	at TRANSFORMER/minecraft@1.21.1/net.minecraft.server.packs.resources.SimpleJsonResourceReloadListener.prepare(SimpleJsonResourceReloadListener.java:18) ~[server-1.21.1-20240808.144430-srg.jar%23239!/:?]
	at TRANSFORMER/minecraft@1.21.1/net.minecraft.server.packs.resources.SimplePreparableReloadListener.lambda$reload$0(SimplePreparableReloadListener.java:17) ~[server-1.21.1-20240808.144430-srg.jar%23239!/:?]
	at java.base/java.util.concurrent.CompletableFuture$AsyncSupply.run(CompletableFuture.java:1768) [?:?]
	at java.base/java.util.concurrent.CompletableFuture$AsyncSupply.exec(CompletableFuture.java:1760) [?:?]
	at java.base/java.util.concurrent.ForkJoinTask.doExec(ForkJoinTask.java:387) [?:?]
	at java.base/java.util.concurrent.ForkJoinPool$WorkQueue.topLevelExec(ForkJoinPool.java:1312) [?:?]
	at java.base/java.util.concurrent.ForkJoinPool.scan(ForkJoinPool.java:1843) [?:?]
	at java.base/java.util.concurrent.ForkJoinPool.runWorker(ForkJoinPool.java:1808) [?:?]
	at java.base/java.util.concurrent.ForkJoinWorkerThread.run(ForkJoinWorkerThread.java:188) [?:?]
Caused by: java.io.EOFException: End of input at line 1 column 1 path $
	at MC-BOOTSTRAP/com.google.gson@2.10.1/com.google.gson.stream.JsonReader.nextNonWhitespace(JsonReader.java:1457) ~[gson-2.10.1.jar%2394!/:?]
	at MC-BOOTSTRAP/com.google.gson@2.10.1/com.google.gson.stream.JsonReader.doPeek(JsonReader.java:558) ~[gson-2.10.1.jar%2394!/:?]
	at MC-BOOTSTRAP/com.google.gson@2.10.1/com.google.gson.stream.JsonReader.peek(JsonReader.java:433) ~[gson-2.10.1.jar%2394!/:?]
	at MC-BOOTSTRAP/com.google.gson@2.10.1/com.google.gson.internal.bind.TypeAdapters$28.read(TypeAdapters.java:769) ~[gson-2.10.1.jar%2394!/:?]
	at MC-BOOTSTRAP/com.google.gson@2.10.1/com.google.gson.internal.bind.TypeAdapters$28.read(TypeAdapters.java:725) ~[gson-2.10.1.jar%2394!/:?]
	at MC-BOOTSTRAP/com.google.gson@2.10.1/com.google.gson.internal.bind.TypeAdapters$34$1.read(TypeAdapters.java:1007) ~[gson-2.10.1.jar%2394!/:?]
	at TRANSFORMER/minecraft@1.21.1/net.minecraft.util.GsonHelper.fromNullableJson(GsonHelper.java:525) ~[server-1.21.1-20240808.144430-srg.jar%23239!/:?]
	... 13 more
[29Aug2026 21:21:30.433] [Worker-Main-1/ERROR] [net.minecraft.server.packs.resources.SimpleJsonResourceReloadListener/]: Couldn't parse data file man_of_many_planes:economy_plane from man_of_many_planes:recipe/economy_plane.json
com.google.gson.JsonParseException: java.io.EOFException: End of input at line 1 column 1 path $
	at TRANSFORMER/minecraft@1.21.1/net.minecraft.util.GsonHelper.fromNullableJson(GsonHelper.java:527) ~[server-1.21.1-20240808.144430-srg.jar%23239!/:?]
	at TRANSFORMER/minecraft@1.21.1/net.minecraft.util.GsonHelper.fromJson(GsonHelper.java:532) ~[server-1.21.1-20240808.144430-srg.jar%23239!/:?]
	at TRANSFORMER/minecraft@1.21.1/net.minecraft.util.GsonHelper.fromJson(GsonHelper.java:582) ~[server-1.21.1-20240808.144430-srg.jar%23239!/:?]
	at TRANSFORMER/minecraft@1.21.1/net.minecraft.server.packs.resources.SimpleJsonResourceReloadListener.scanDirectory(SimpleJsonResourceReloadListener.java:42) ~[server-1.21.1-20240808.144430-srg.jar%23239!/:?]
	at TRANSFORMER/minecraft@1.21.1/net.minecraft.server.packs.resources.SimpleJsonResourceReloadListener.prepare(SimpleJsonResourceReloadListener.java:30) ~[server-1.21.1-20240808.144430-srg.jar%23239!/:?]
	at TRANSFORMER/minecraft@1.21.1/net.minecraft.server.packs.resources.SimpleJsonResourceReloadListener.prepare(SimpleJsonResourceReloadListener.java:18) ~[server-1.21.1-20240808.144430-srg.jar%23239!/:?]
	at TRANSFORMER/minecraft@1.21.1/net.minecraft.server.packs.resources.SimplePreparableReloadListener.lambda$reload$0(SimplePreparableReloadListener.java:17) ~[server-1.21.1-20240808.144430-srg.jar%23239!/:?]
	at java.base/java.util.concurrent.CompletableFuture$AsyncSupply.run(CompletableFuture.java:1768) [?:?]
	at java.base/java.util.concurrent.CompletableFuture$AsyncSupply.exec(CompletableFuture.java:1760) [?:?]
	at java.base/java.util.concurrent.ForkJoinTask.doExec(ForkJoinTask.java:387) [?:?]
	at java.base/java.util.concurrent.ForkJoinPool$WorkQueue.topLevelExec(ForkJoinPool.java:1312) [?:?]
	at java.base/java.util.concurrent.ForkJoinPool.scan(ForkJoinPool.java:1843) [?:?]
	at java.base/java.util.concurrent.ForkJoinPool.runWorker(ForkJoinPool.java:1808) [?:?]
	at java.base/java.util.concurrent.ForkJoinWorkerThread.run(ForkJoinWorkerThread.java:188) [?:?]
Caused by: java.io.EOFException: End of input at line 1 column 1 path $
	at MC-BOOTSTRAP/com.google.gson@2.10.1/com.google.gson.stream.JsonReader.nextNonWhitespace(JsonReader.java:1457) ~[gson-2.10.1.jar%2394!/:?]
	at MC-BOOTSTRAP/com.google.gson@2.10.1/com.google.gson.stream.JsonReader.doPeek(JsonReader.java:558) ~[gson-2.10.1.jar%2394!/:?]
	at MC-BOOTSTRAP/com.google.gson@2.10.1/com.google.gson.stream.JsonReader.peek(JsonReader.java:433) ~[gson-2.10.1.jar%2394!/:?]
	at MC-BOOTSTRAP/com.google.gson@2.10.1/com.google.gson.internal.bind.TypeAdapters$28.read(TypeAdapters.java:769) ~[gson-2.10.1.jar%2394!/:?]
	at MC-BOOTSTRAP/com.google.gson@2.10.1/com.google.gson.internal.bind.TypeAdapters$28.read(TypeAdapters.java:725) ~[gson-2.10.1.jar%2394!/:?]
	at MC-BOOTSTRAP/com.google.gson@2.10.1/com.google.gson.internal.bind.TypeAdapters$34$1.read(TypeAdapters.java:1007) ~[gson-2.10.1.jar%2394!/:?]
	at TRANSFORMER/minecraft@1.21.1/net.minecraft.util.GsonHelper.fromNullableJson(GsonHelper.java:525) ~[server-1.21.1-20240808.144430-srg.jar%23239!/:?]
	... 13 more
[29Aug2026 21:21:30.539] [Worker-Main-1/ERROR] [net.minecraft.server.packs.resources.SimpleJsonResourceReloadListener/]: Couldn't parse data file man_of_many_planes:scarlet_biplane from man_of_many_planes:recipe/scarlet_biplane.json
com.google.gson.JsonParseException: java.io.EOFException: End of input at line 1 column 1 path $
	at TRANSFORMER/minecraft@1.21.1/net.minecraft.util.GsonHelper.fromNullableJson(GsonHelper.java:527) ~[server-1.21.1-20240808.144430-srg.jar%23239!/:?]
	at TRANSFORMER/minecraft@1.21.1/net.minecraft.util.GsonHelper.fromJson(GsonHelper.java:532) ~[server-1.21.1-20240808.144430-srg.jar%23239!/:?]
	at TRANSFORMER/minecraft@1.21.1/net.minecraft.util.GsonHelper.fromJson(GsonHelper.java:582) ~[server-1.21.1-20240808.144430-srg.jar%23239!/:?]
	at TRANSFORMER/minecraft@1.21.1/net.minecraft.server.packs.resources.SimpleJsonResourceReloadListener.scanDirectory(SimpleJsonResourceReloadListener.java:42) ~[server-1.21.1-20240808.144430-srg.jar%23239!/:?]
	at TRANSFORMER/minecraft@1.21.1/net.minecraft.server.packs.resources.SimpleJsonResourceReloadListener.prepare(SimpleJsonResourceReloadListener.java:30) ~[server-1.21.1-20240808.144430-srg.jar%23239!/:?]
	at TRANSFORMER/minecraft@1.21.1/net.minecraft.server.packs.resources.SimpleJsonResourceReloadListener.prepare(SimpleJsonResourceReloadListener.java:18) ~[server-1.21.1-20240808.144430-srg.jar%23239!/:?]
	at TRANSFORMER/minecraft@1.21.1/net.minecraft.server.packs.resources.SimplePreparableReloadListener.lambda$reload$0(SimplePreparableReloadListener.java:17) ~[server-1.21.1-20240808.144430-srg.jar%23239!/:?]
	at java.base/java.util.concurrent.CompletableFuture$AsyncSupply.run(CompletableFuture.java:1768) [?:?]
	at java.base/java.util.concurrent.CompletableFuture$AsyncSupply.exec(CompletableFuture.java:1760) [?:?]
	at java.base/java.util.concurrent.ForkJoinTask.doExec(ForkJoinTask.java:387) [?:?]
	at java.base/java.util.concurrent.ForkJoinPool$WorkQueue.topLevelExec(ForkJoinPool.java:1312) [?:?]
	at java.base/java.util.concurrent.ForkJoinPool.scan(ForkJoinPool.java:1843) [?:?]
	at java.base/java.util.concurrent.ForkJoinPool.runWorker(ForkJoinPool.java:1808) [?:?]
	at java.base/java.util.concurrent.ForkJoinWorkerThread.run(ForkJoinWorkerThread.java:188) [?:?]
Caused by: java.io.EOFException: End of input at line 1 column 1 path $
	at MC-BOOTSTRAP/com.google.gson@2.10.1/com.google.gson.stream.JsonReader.nextNonWhitespace(JsonReader.java:1457) ~[gson-2.10.1.jar%2394!/:?]
	at MC-BOOTSTRAP/com.google.gson@2.10.1/com.google.gson.stream.JsonReader.doPeek(JsonReader.java:558) ~[gson-2.10.1.jar%2394!/:?]
	at MC-BOOTSTRAP/com.google.gson@2.10.1/com.google.gson.stream.JsonReader.peek(JsonReader.java:433) ~[gson-2.10.1.jar%2394!/:?]
	at MC-BOOTSTRAP/com.google.gson@2.10.1/com.google.gson.internal.bind.TypeAdapters$28.read(TypeAdapters.java:769) ~[gson-2.10.1.jar%2394!/:?]
	at MC-BOOTSTRAP/com.google.gson@2.10.1/com.google.gson.internal.bind.TypeAdapters$28.read(TypeAdapters.java:725) ~[gson-2.10.1.jar%2394!/:?]
	at MC-BOOTSTRAP/com.google.gson@2.10.1/com.google.gson.internal.bind.TypeAdapters$34$1.read(TypeAdapters.java:1007) ~[gson-2.10.1.jar%2394!/:?]
	at TRANSFORMER/minecraft@1.21.1/net.minecraft.util.GsonHelper.fromNullableJson(GsonHelper.java:525) ~[server-1.21.1-20240808.144430-srg.jar%23239!/:?]
	... 13 more
[29Aug2026 21:21:30.604] [main/INFO] [bclib/]: Disabling Recipe: bclib:test_star
[29Aug2026 21:21:30.812] [main/ERROR] [net.minecraft.world.item.crafting.RecipeManager/]: Parsing error loading recipe create_factory:caramel_roll
com.google.gson.JsonParseException: Failed to parse either. First: Failed to parse either. First: Unknown registry key in ResourceKey[minecraft:root / minecraft:fluid]: create_confectionery:caramel; Second: Failed to parse either. First: Unknown registry key in ResourceKey[minecraft:root / minecraft:fluid]: create_confectionery:caramel; Invalid Type: neoforge:single; Second: No key fluid_tag in MapLike[{"type":"neoforge:single","amount":250,"fluid":"create_confectionery:caramel"}]; Invalid Type: neoforge:single; Second: Failed to parse either. First: Not a json array: {"type":"neoforge:single","amount":250,"fluid":"create_confectionery:caramel"}; Second: Unknown registry key in ResourceKey[minecraft:root / neoforge:ingredient_serializer]: neoforge:single
	at MC-BOOTSTRAP/datafixerupper@8.0.16/com.mojang.serialization.DataResult$Error.getOrThrow(DataResult.java:287) ~[datafixerupper-8.0.16.jar%23100!/:?]
	at TRANSFORMER/minecraft@1.21.1/net.minecraft.world.item.crafting.RecipeManager.apply(RecipeManager.java:60) ~[server-1.21.1-20240808.144430-srg.jar%23239!/:?]
	at TRANSFORMER/minecraft@1.21.1/net.minecraft.world.item.crafting.RecipeManager.apply(RecipeManager.java:36) ~[server-1.21.1-20240808.144430-srg.jar%23239!/:?]
	at TRANSFORMER/minecraft@1.21.1/net.minecraft.server.packs.resources.SimplePreparableReloadListener.lambda$reload$1(SimplePreparableReloadListener.java:19) ~[server-1.21.1-20240808.144430-srg.jar%23239!/:?]
	at java.base/java.util.concurrent.CompletableFuture$UniAccept.tryFire(CompletableFuture.java:718) ~[?:?]
	at java.base/java.util.concurrent.CompletableFuture$Completion.run(CompletableFuture.java:482) ~[?:?]
	at TRANSFORMER/minecraft@1.21.1/net.minecraft.server.packs.resources.SimpleReloadInstance.lambda$new$3(SimpleReloadInstance.java:69) ~[server-1.21.1-20240808.144430-srg.jar%23239!/:?]
	at TRANSFORMER/minecraft@1.21.1/net.minecraft.Util.blockUntilDone(Util.java:872) ~[server-1.21.1-20240808.144430-srg.jar%23239!/:?]
	at TRANSFORMER/minecraft@1.21.1/net.minecraft.Util.blockUntilDone(Util.java:861) ~[server-1.21.1-20240808.144430-srg.jar%23239!/:?]
	at TRANSFORMER/minecraft@1.21.1/net.minecraft.server.Main.main(Main.java:204) ~[server-1.21.1-20240808.144430-srg.jar%23239!/:?]
	at java.base/jdk.internal.reflect.DirectMethodHandleAccessor.invoke(DirectMethodHandleAccessor.java:103) ~[?:?]
	at java.base/java.lang.reflect.Method.invoke(Method.java:580) ~[?:?]
	at MC-BOOTSTRAP/fml_loader@4.0.43/net.neoforged.fml.loading.targets.CommonLaunchHandler.runTarget(CommonLaunchHandler.java:136) ~[loader-4.0.43.jar%2359!/:4.0]
	at MC-BOOTSTRAP/fml_loader@4.0.43/net.neoforged.fml.loading.targets.CommonLaunchHandler.serverService(CommonLaunchHandler.java:128) ~[loader-4.0.43.jar%2359!/:4.0]
	at MC-BOOTSTRAP/fml_loader@4.0.43/net.neoforged.fml.loading.targets.CommonServerLaunchHandler.runService(CommonServerLaunchHandler.java:32) ~[loader-4.0.43.jar%2359!/:4.0]
	at MC-BOOTSTRAP/fml_loader@4.0.43/net.neoforged.fml.loading.targets.CommonLaunchHandler.lambda$launchService$4(CommonLaunchHandler.java:118) ~[loader-4.0.43.jar%2359!/:4.0]
	at MC-BOOTSTRAP/cpw.mods.modlauncher@11.0.5/cpw.mods.modlauncher.LaunchServiceHandlerDecorator.launch(LaunchServiceHandlerDecorator.java:30) [modlauncher-11.0.5.jar%2364!/:?]
	at MC-BOOTSTRAP/cpw.mods.modlauncher@11.0.5/cpw.mods.modlauncher.LaunchServiceHandler.launch(LaunchServiceHandler.java:53) [modlauncher-11.0.5.jar%2364!/:?]
	at MC-BOOTSTRAP/cpw.mods.modlauncher@11.0.5/cpw.mods.modlauncher.LaunchServiceHandler.launch(LaunchServiceHandler.java:71) [modlauncher-11.0.5.jar%2364!/:?]
	at MC-BOOTSTRAP/cpw.mods.modlauncher@11.0.5/cpw.mods.modlauncher.Launcher.run(Launcher.java:103) [modlauncher-11.0.5.jar%2364!/:?]
	at MC-BOOTSTRAP/cpw.mods.modlauncher@11.0.5/cpw.mods.modlauncher.Launcher.main(Launcher.java:74) [modlauncher-11.0.5.jar%2364!/:?]
	at MC-BOOTSTRAP/cpw.mods.modlauncher@11.0.5/cpw.mods.modlauncher.BootstrapLaunchConsumer.accept(BootstrapLaunchConsumer.java:26) [modlauncher-11.0.5.jar%2364!/:?]
	at MC-BOOTSTRAP/cpw.mods.modlauncher@11.0.5/cpw.mods.modlauncher.BootstrapLaunchConsumer.accept(BootstrapLaunchConsumer.java:23) [modlauncher-11.0.5.jar%2364!/:?]
	at cpw.mods.bootstraplauncher@2.0.2/cpw.mods.bootstraplauncher.BootstrapLauncher.run(BootstrapLauncher.java:210) [bootstraplauncher-2.0.2.jar:?]
	at cpw.mods.bootstraplauncher@2.0.2/cpw.mods.bootstraplauncher.BootstrapLauncher.main(BootstrapLauncher.java:69) [bootstraplauncher-2.0.2.jar:?]
	at java.base/jdk.internal.reflect.DirectMethodHandleAccessor.invoke(DirectMethodHandleAccessor.java:103) ~[?:?]
	at java.base/java.lang.reflect.Method.invoke(Method.java:580) ~[?:?]
	at net.neoforged.serverstarterjar.Main.mainLaunch(Main.java:306) [neoforge.jar:0.1.35]
	at net.neoforged.serverstarterjar.Main.main(Main.java:76) [neoforge.jar:0.1.35]
	at java.base/jdk.internal.reflect.DirectMethodHandleAccessor.invoke(DirectMethodHandleAccessor.java:103) ~[?:?]
	at java.base/java.lang.reflect.Method.invoke(Method.java:580) ~[?:?]
	at net.neoforged.serverstarterjar.Main8.main(Main8.java:19) [neoforge.jar:0.1.35]
[29Aug2026 21:22:03.248] [main/ERROR] [net.minecraft.world.item.crafting.RecipeManager/]: Parsing error loading recipe createdeco:placard
com.google.gson.JsonParseException: Failed to parse either. First: Not a json array: {"id":"minecraft:white_dye"}; Second: No key tag in MapLike[{"id":"minecraft:white_dye"}]; No key item in MapLike[{"id":"minecraft:white_dye"}]
	at MC-BOOTSTRAP/datafixerupper@8.0.16/com.mojang.serialization.DataResult$Error.getOrThrow(DataResult.java:287) ~[datafixerupper-8.0.16.jar%23100!/:?]
	at TRANSFORMER/minecraft@1.21.1/net.minecraft.world.item.crafting.RecipeManager.apply(RecipeManager.java:60) ~[server-1.21.1-20240808.144430-srg.jar%23239!/:?]
	at TRANSFORMER/minecraft@1.21.1/net.minecraft.world.item.crafting.RecipeManager.apply(RecipeManager.java:36) ~[server-1.21.1-20240808.144430-srg.jar%23239!/:?]
	at TRANSFORMER/minecraft@1.21.1/net.minecraft.server.packs.resources.SimplePreparableReloadListener.lambda$reload$1(SimplePreparableReloadListener.java:19) ~[server-1.21.1-20240808.144430-srg.jar%23239!/:?]
	at java.base/java.util.concurrent.CompletableFuture$UniAccept.tryFire(CompletableFuture.java:718) ~[?:?]
	at java.base/java.util.concurrent.CompletableFuture$Completion.run(CompletableFuture.java:482) ~[?:?]
	at TRANSFORMER/minecraft@1.21.1/net.minecraft.server.packs.resources.SimpleReloadInstance.lambda$new$3(SimpleReloadInstance.java:69) ~[server-1.21.1-20240808.144430-srg.jar%23239!/:?]
	at TRANSFORMER/minecraft@1.21.1/net.minecraft.Util.blockUntilDone(Util.java:872) ~[server-1.21.1-20240808.144430-srg.jar%23239!/:?]
	at TRANSFORMER/minecraft@1.21.1/net.minecraft.Util.blockUntilDone(Util.java:861) ~[server-1.21.1-20240808.144430-srg.jar%23239!/:?]
	at TRANSFORMER/minecraft@1.21.1/net.minecraft.server.Main.main(Main.java:204) ~[server-1.21.1-20240808.144430-srg.jar%23239!/:?]
	at java.base/jdk.internal.reflect.DirectMethodHandleAccessor.invoke(DirectMethodHandleAccessor.java:103) ~[?:?]
	at java.base/java.lang.reflect.Method.invoke(Method.java:580) ~[?:?]
	at MC-BOOTSTRAP/fml_loader@4.0.43/net.neoforged.fml.loading.targets.CommonLaunchHandler.runTarget(CommonLaunchHandler.java:136) ~[loader-4.0.43.jar%2359!/:4.0]
	at MC-BOOTSTRAP/fml_loader@4.0.43/net.neoforged.fml.loading.targets.CommonLaunchHandler.serverService(CommonLaunchHandler.java:128) ~[loader-4.0.43.jar%2359!/:4.0]
	at MC-BOOTSTRAP/fml_loader@4.0.43/net.neoforged.fml.loading.targets.CommonServerLaunchHandler.runService(CommonServerLaunchHandler.java:32) ~[loader-4.0.43.jar%2359!/:4.0]
	at MC-BOOTSTRAP/fml_loader@4.0.43/net.neoforged.fml.loading.targets.CommonLaunchHandler.lambda$launchService$4(CommonLaunchHandler.java:118) ~[loader-4.0.43.jar%2359!/:4.0]
	at MC-BOOTSTRAP/cpw.mods.modlauncher@11.0.5/cpw.mods.modlauncher.LaunchServiceHandlerDecorator.launch(LaunchServiceHandlerDecorator.java:30) [modlauncher-11.0.5.jar%2364!/:?]
	at MC-BOOTSTRAP/cpw.mods.modlauncher@11.0.5/cpw.mods.modlauncher.LaunchServiceHandler.launch(LaunchServiceHandler.java:53) [modlauncher-11.0.5.jar%2364!/:?]
	at MC-BOOTSTRAP/cpw.mods.modlauncher@11.0.5/cpw.mods.modlauncher.LaunchServiceHandler.launch(LaunchServiceHandler.java:71) [modlauncher-11.0.5.jar%2364!/:?]
	at MC-BOOTSTRAP/cpw.mods.modlauncher@11.0.5/cpw.mods.modlauncher.Launcher.run(Launcher.java:103) [modlauncher-11.0.5.jar%2364!/:?]
	at MC-BOOTSTRAP/cpw.mods.modlauncher@11.0.5/cpw.mods.modlauncher.Launcher.main(Launcher.java:74) [modlauncher-11.0.5.jar%2364!/:?]
	at MC-BOOTSTRAP/cpw.mods.modlauncher@11.0.5/cpw.mods.modlauncher.BootstrapLaunchConsumer.accept(BootstrapLaunchConsumer.java:26) [modlauncher-11.0.5.jar%2364!/:?]
	at MC-BOOTSTRAP/cpw.mods.modlauncher@11.0.5/cpw.mods.modlauncher.BootstrapLaunchConsumer.accept(BootstrapLaunchConsumer.java:23) [modlauncher-11.0.5.jar%2364!/:?]
	at cpw.mods.bootstraplauncher@2.0.2/cpw.mods.bootstraplauncher.BootstrapLauncher.run(BootstrapLauncher.java:210) [bootstraplauncher-2.0.2.jar:?]
	at cpw.mods.bootstraplauncher@2.0.2/cpw.mods.bootstraplauncher.BootstrapLauncher.main(BootstrapLauncher.java:69) [bootstraplauncher-2.0.2.jar:?]
	at java.base/jdk.internal.reflect.DirectMethodHandleAccessor.invoke(DirectMethodHandleAccessor.java:103) ~[?:?]
	at java.base/java.lang.reflect.Method.invoke(Method.java:580) ~[?:?]
	at net.neoforged.serverstarterjar.Main.mainLaunch(Main.java:306) [neoforge.jar:0.1.35]
	at net.neoforged.serverstarterjar.Main.main(Main.java:76) [neoforge.jar:0.1.35]
	at java.base/jdk.internal.reflect.DirectMethodHandleAccessor.invoke(DirectMethodHandleAccessor.java:103) ~[?:?]
	at java.base/java.lang.reflect.Method.invoke(Method.java:580) ~[?:?]
	at net.neoforged.serverstarterjar.Main8.main(Main8.java:19) [neoforge.jar:0.1.35]
[29Aug2026 21:22:03.251] [main/ERROR] [net.minecraft.world.item.crafting.RecipeManager/]: Parsing error loading recipe create_factory:caramel_waffle
com.google.gson.JsonParseException: Failed to parse either. First: Failed to parse either. First: Unknown registry key in ResourceKey[minecraft:root / minecraft:fluid]: create_confectionery:caramel; Second: Failed to parse either. First: Unknown registry key in ResourceKey[minecraft:root / minecraft:fluid]: create_confectionery:caramel; Invalid Type: neoforge:single; Second: No key fluid_tag in MapLike[{"type":"neoforge:single","amount":250,"fluid":"create_confectionery:caramel"}]; Invalid Type: neoforge:single; Second: Failed to parse either. First: Not a json array: {"type":"neoforge:single","amount":250,"fluid":"create_confectionery:caramel"}; Second: Unknown registry key in ResourceKey[minecraft:root / neoforge:ingredient_serializer]: neoforge:single
	at MC-BOOTSTRAP/datafixerupper@8.0.16/com.mojang.serialization.DataResult$Error.getOrThrow(DataResult.java:287) ~[datafixerupper-8.0.16.jar%23100!/:?]
	at TRANSFORMER/minecraft@1.21.1/net.minecraft.world.item.crafting.RecipeManager.apply(RecipeManager.java:60) ~[server-1.21.1-20240808.144430-srg.jar%23239!/:?]
	at TRANSFORMER/minecraft@1.21.1/net.minecraft.world.item.crafting.RecipeManager.apply(RecipeManager.java:36) ~[server-1.21.1-20240808.144430-srg.jar%23239!/:?]
	at TRANSFORMER/minecraft@1.21.1/net.minecraft.server.packs.resources.SimplePreparableReloadListener.lambda$reload$1(SimplePreparableReloadListener.java:19) ~[server-1.21.1-20240808.144430-srg.jar%23239!/:?]
	at java.base/java.util.concurrent.CompletableFuture$UniAccept.tryFire(CompletableFuture.java:718) ~[?:?]
	at java.base/java.util.concurrent.CompletableFuture$Completion.run(CompletableFuture.java:482) ~[?:?]
	at TRANSFORMER/minecraft@1.21.1/net.minecraft.server.packs.resources.SimpleReloadInstance.lambda$new$3(SimpleReloadInstance.java:69) ~[server-1.21.1-20240808.144430-srg.jar%23239!/:?]
	at TRANSFORMER/minecraft@1.21.1/net.minecraft.Util.blockUntilDone(Util.java:872) ~[server-1.21.1-20240808.144430-srg.jar%23239!/:?]
	at TRANSFORMER/minecraft@1.21.1/net.minecraft.Util.blockUntilDone(Util.java:861) ~[server-1.21.1-20240808.144430-srg.jar%23239!/:?]
	at TRANSFORMER/minecraft@1.21.1/net.minecraft.server.Main.main(Main.java:204) ~[server-1.21.1-20240808.144430-srg.jar%23239!/:?]
	at java.base/jdk.internal.reflect.DirectMethodHandleAccessor.invoke(DirectMethodHandleAccessor.java:103) ~[?:?]
	at java.base/java.lang.reflect.Method.invoke(Method.java:580) ~[?:?]
	at MC-BOOTSTRAP/fml_loader@4.0.43/net.neoforged.fml.loading.targets.CommonLaunchHandler.runTarget(CommonLaunchHandler.java:136) ~[loader-4.0.43.jar%2359!/:4.0]
	at MC-BOOTSTRAP/fml_loader@4.0.43/net.neoforged.fml.loading.targets.CommonLaunchHandler.serverService(CommonLaunchHandler.java:128) ~[loader-4.0.43.jar%2359!/:4.0]
	at MC-BOOTSTRAP/fml_loader@4.0.43/net.neoforged.fml.loading.targets.CommonServerLaunchHandler.runService(CommonServerLaunchHandler.java:32) ~[loader-4.0.43.jar%2359!/:4.0]
	at MC-BOOTSTRAP/fml_loader@4.0.43/net.neoforged.fml.loading.targets.CommonLaunchHandler.lambda$launchService$4(CommonLaunchHandler.java:118) ~[loader-4.0.43.jar%2359!/:4.0]
	at MC-BOOTSTRAP/cpw.mods.modlauncher@11.0.5/cpw.mods.modlauncher.LaunchServiceHandlerDecorator.launch(LaunchServiceHandlerDecorator.java:30) [modlauncher-11.0.5.jar%2364!/:?]
	at MC-BOOTSTRAP/cpw.mods.modlauncher@11.0.5/cpw.mods.modlauncher.LaunchServiceHandler.launch(LaunchServiceHandler.java:53) [modlauncher-11.0.5.jar%2364!/:?]
	at MC-BOOTSTRAP/cpw.mods.modlauncher@11.0.5/cpw.mods.modlauncher.LaunchServiceHandler.launch(LaunchServiceHandler.java:71) [modlauncher-11.0.5.jar%2364!/:?]
	at MC-BOOTSTRAP/cpw.mods.modlauncher@11.0.5/cpw.mods.modlauncher.Launcher.run(Launcher.java:103) [modlauncher-11.0.5.jar%2364!/:?]
	at MC-BOOTSTRAP/cpw.mods.modlauncher@11.0.5/cpw.mods.modlauncher.Launcher.main(Launcher.java:74) [modlauncher-11.0.5.jar%2364!/:?]
	at MC-BOOTSTRAP/cpw.mods.modlauncher@11.0.5/cpw.mods.modlauncher.BootstrapLaunchConsumer.accept(BootstrapLaunchConsumer.java:26) [modlauncher-11.0.5.jar%2364!/:?]
	at MC-BOOTSTRAP/cpw.mods.modlauncher@11.0.5/cpw.mods.modlauncher.BootstrapLaunchConsumer.accept(BootstrapLaunchConsumer.java:23) [modlauncher-11.0.5.jar%2364!/:?]
	at cpw.mods.bootstraplauncher@2.0.2/cpw.mods.bootstraplauncher.BootstrapLauncher.run(BootstrapLauncher.java:210) [bootstraplauncher-2.0.2.jar:?]
	at cpw.mods.bootstraplauncher@2.0.2/cpw.mods.bootstraplauncher.BootstrapLauncher.main(BootstrapLauncher.java:69) [bootstraplauncher-2.0.2.jar:?]
	at java.base/jdk.internal.reflect.DirectMethodHandleAccessor.invoke(DirectMethodHandleAccessor.java:103) ~[?:?]
	at java.base/java.lang.reflect.Method.invoke(Method.java:580) ~[?:?]
	at net.neoforged.serverstarterjar.Main.mainLaunch(Main.java:306) [neoforge.jar:0.1.35]
	at net.neoforged.serverstarterjar.Main.main(Main.java:76) [neoforge.jar:0.1.35]
	at java.base/jdk.internal.reflect.DirectMethodHandleAccessor.invoke(DirectMethodHandleAccessor.java:103) ~[?:?]
	at java.base/java.lang.reflect.Method.invoke(Method.java:580) ~[?:?]
	at net.neoforged.serverstarterjar.Main8.main(Main8.java:19) [neoforge.jar:0.1.35]
[29Aug2026 21:22:03.359] [main/ERROR] [net.minecraft.world.item.crafting.RecipeManager/]: Parsing error loading recipe create_factory:caramel_apple
com.google.gson.JsonParseException: Failed to parse either. First: Failed to parse either. First: Unknown registry key in ResourceKey[minecraft:root / minecraft:fluid]: create_confectionery:caramel; Second: Failed to parse either. First: Unknown registry key in ResourceKey[minecraft:root / minecraft:fluid]: create_confectionery:caramel; Invalid Type: neoforge:single; Second: No key fluid_tag in MapLike[{"type":"neoforge:single","amount":250,"fluid":"create_confectionery:caramel"}]; Invalid Type: neoforge:single; Second: Failed to parse either. First: Not a json array: {"type":"neoforge:single","amount":250,"fluid":"create_confectionery:caramel"}; Second: Unknown registry key in ResourceKey[minecraft:root / neoforge:ingredient_serializer]: neoforge:single
	at MC-BOOTSTRAP/datafixerupper@8.0.16/com.mojang.serialization.DataResult$Error.getOrThrow(DataResult.java:287) ~[datafixerupper-8.0.16.jar%23100!/:?]
	at TRANSFORMER/minecraft@1.21.1/net.minecraft.world.item.crafting.RecipeManager.apply(RecipeManager.java:60) ~[server-1.21.1-20240808.144430-srg.jar%23239!/:?]
	at TRANSFORMER/minecraft@1.21.1/net.minecraft.world.item.crafting.RecipeManager.apply(RecipeManager.java:36) ~[server-1.21.1-20240808.144430-srg.jar%23239!/:?]
	at TRANSFORMER/minecraft@1.21.1/net.minecraft.server.packs.resources.SimplePreparableReloadListener.lambda$reload$1(SimplePreparableReloadListener.java:19) ~[server-1.21.1-20240808.144430-srg.jar%23239!/:?]
	at java.base/java.util.concurrent.CompletableFuture$UniAccept.tryFire(CompletableFuture.java:718) ~[?:?]
	at java.base/java.util.concurrent.CompletableFuture$Completion.run(CompletableFuture.java:482) ~[?:?]
	at TRANSFORMER/minecraft@1.21.1/net.minecraft.server.packs.resources.SimpleReloadInstance.lambda$new$3(SimpleReloadInstance.java:69) ~[server-1.21.1-20240808.144430-srg.jar%23239!/:?]
	at TRANSFORMER/minecraft@1.21.1/net.minecraft.Util.blockUntilDone(Util.java:872) ~[server-1.21.1-20240808.144430-srg.jar%23239!/:?]
	at TRANSFORMER/minecraft@1.21.1/net.minecraft.Util.blockUntilDone(Util.java:861) ~[server-1.21.1-20240808.144430-srg.jar%23239!/:?]
	at TRANSFORMER/minecraft@1.21.1/net.minecraft.server.Main.main(Main.java:204) ~[server-1.21.1-20240808.144430-srg.jar%23239!/:?]
	at java.base/jdk.internal.reflect.DirectMethodHandleAccessor.invoke(DirectMethodHandleAccessor.java:103) ~[?:?]
	at java.base/java.lang.reflect.Method.invoke(Method.java:580) ~[?:?]
	at MC-BOOTSTRAP/fml_loader@4.0.43/net.neoforged.fml.loading.targets.CommonLaunchHandler.runTarget(CommonLaunchHandler.java:136) ~[loader-4.0.43.jar%2359!/:4.0]
	at MC-BOOTSTRAP/fml_loader@4.0.43/net.neoforged.fml.loading.targets.CommonLaunchHandler.serverService(CommonLaunchHandler.java:128) ~[loader-4.0.43.jar%2359!/:4.0]
	at MC-BOOTSTRAP/fml_loader@4.0.43/net.neoforged.fml.loading.targets.CommonServerLaunchHandler.runService(CommonServerLaunchHandler.java:32) ~[loader-4.0.43.jar%2359!/:4.0]
	at MC-BOOTSTRAP/fml_loader@4.0.43/net.neoforged.fml.loading.targets.CommonLaunchHandler.lambda$launchService$4(CommonLaunchHandler.java:118) ~[loader-4.0.43.jar%2359!/:4.0]
	at MC-BOOTSTRAP/cpw.mods.modlauncher@11.0.5/cpw.mods.modlauncher.LaunchServiceHandlerDecorator.launch(LaunchServiceHandlerDecorator.java:30) [modlauncher-11.0.5.jar%2364!/:?]
	at MC-BOOTSTRAP/cpw.mods.modlauncher@11.0.5/cpw.mods.modlauncher.LaunchServiceHandler.launch(LaunchServiceHandler.java:53) [modlauncher-11.0.5.jar%2364!/:?]
	at MC-BOOTSTRAP/cpw.mods.modlauncher@11.0.5/cpw.mods.modlauncher.LaunchServiceHandler.launch(LaunchServiceHandler.java:71) [modlauncher-11.0.5.jar%2364!/:?]
	at MC-BOOTSTRAP/cpw.mods.modlauncher@11.0.5/cpw.mods.modlauncher.Launcher.run(Launcher.java:103) [modlauncher-11.0.5.jar%2364!/:?]
	at MC-BOOTSTRAP/cpw.mods.modlauncher@11.0.5/cpw.mods.modlauncher.Launcher.main(Launcher.java:74) [modlauncher-11.0.5.jar%2364!/:?]
	at MC-BOOTSTRAP/cpw.mods.modlauncher@11.0.5/cpw.mods.modlauncher.BootstrapLaunchConsumer.accept(BootstrapLaunchConsumer.java:26) [modlauncher-11.0.5.jar%2364!/:?]
	at MC-BOOTSTRAP/cpw.mods.modlauncher@11.0.5/cpw.mods.modlauncher.BootstrapLaunchConsumer.accept(BootstrapLaunchConsumer.java:23) [modlauncher-11.0.5.jar%2364!/:?]
	at cpw.mods.bootstraplauncher@2.0.2/cpw.mods.bootstraplauncher.BootstrapLauncher.run(BootstrapLauncher.java:210) [bootstraplauncher-2.0.2.jar:?]
	at cpw.mods.bootstraplauncher@2.0.2/cpw.mods.bootstraplauncher.BootstrapLauncher.main(BootstrapLauncher.java:69) [bootstraplauncher-2.0.2.jar:?]
	at java.base/jdk.internal.reflect.DirectMethodHandleAccessor.invoke(DirectMethodHandleAccessor.java:103) ~[?:?]
	at java.base/java.lang.reflect.Method.invoke(Method.java:580) ~[?:?]
	at net.neoforged.serverstarterjar.Main.mainLaunch(Main.java:306) [neoforge.jar:0.1.35]
	at net.neoforged.serverstarterjar.Main.main(Main.java:76) [neoforge.jar:0.1.35]
	at java.base/jdk.internal.reflect.DirectMethodHandleAccessor.invoke(DirectMethodHandleAccessor.java:103) ~[?:?]
	at java.base/java.lang.reflect.Method.invoke(Method.java:580) ~[?:?]
	at net.neoforged.serverstarterjar.Main8.main(Main8.java:19) [neoforge.jar:0.1.35]
[29Aug2026 21:22:03.506] [main/ERROR] [net.minecraft.world.item.crafting.RecipeManager/]: Parsing error loading recipe adorablehamsterpets:create_compat/compacting_ahp_sunflower_seeds
com.google.gson.JsonParseException: Failed to parse either. First: No key id in MapLike[{"fluid":"createaddition:seed_oil","amount":100}]; Second: Failed to parse either. First: No key id in MapLike[{"fluid":"createaddition:seed_oil","amount":100}]; Second: No key item in MapLike[{"fluid":"createaddition:seed_oil","amount":100}]
	at MC-BOOTSTRAP/datafixerupper@8.0.16/com.mojang.serialization.DataResult$Error.getOrThrow(DataResult.java:287) ~[datafixerupper-8.0.16.jar%23100!/:?]
	at TRANSFORMER/minecraft@1.21.1/net.minecraft.world.item.crafting.RecipeManager.apply(RecipeManager.java:60) ~[server-1.21.1-20240808.144430-srg.jar%23239!/:?]
	at TRANSFORMER/minecraft@1.21.1/net.minecraft.world.item.crafting.RecipeManager.apply(RecipeManager.java:36) ~[server-1.21.1-20240808.144430-srg.jar%23239!/:?]
	at TRANSFORMER/minecraft@1.21.1/net.minecraft.server.packs.resources.SimplePreparableReloadListener.lambda$reload$1(SimplePreparableReloadListener.java:19) ~[server-1.21.1-20240808.144430-srg.jar%23239!/:?]
	at java.base/java.util.concurrent.CompletableFuture$UniAccept.tryFire(CompletableFuture.java:718) ~[?:?]
	at java.base/java.util.concurrent.CompletableFuture$Completion.run(CompletableFuture.java:482) ~[?:?]
	at TRANSFORMER/minecraft@1.21.1/net.minecraft.server.packs.resources.SimpleReloadInstance.lambda$new$3(SimpleReloadInstance.java:69) ~[server-1.21.1-20240808.144430-srg.jar%23239!/:?]
	at TRANSFORMER/minecraft@1.21.1/net.minecraft.Util.blockUntilDone(Util.java:872) ~[server-1.21.1-20240808.144430-srg.jar%23239!/:?]
	at TRANSFORMER/minecraft@1.21.1/net.minecraft.Util.blockUntilDone(Util.java:861) ~[server-1.21.1-20240808.144430-srg.jar%23239!/:?]
	at TRANSFORMER/minecraft@1.21.1/net.minecraft.server.Main.main(Main.java:204) ~[server-1.21.1-20240808.144430-srg.jar%23239!/:?]
	at java.base/jdk.internal.reflect.DirectMethodHandleAccessor.invoke(DirectMethodHandleAccessor.java:103) ~[?:?]
	at java.base/java.lang.reflect.Method.invoke(Method.java:580) ~[?:?]
	at MC-BOOTSTRAP/fml_loader@4.0.43/net.neoforged.fml.loading.targets.CommonLaunchHandler.runTarget(CommonLaunchHandler.java:136) ~[loader-4.0.43.jar%2359!/:4.0]
	at MC-BOOTSTRAP/fml_loader@4.0.43/net.neoforged.fml.loading.targets.CommonLaunchHandler.serverService(CommonLaunchHandler.java:128) ~[loader-4.0.43.jar%2359!/:4.0]
	at MC-BOOTSTRAP/fml_loader@4.0.43/net.neoforged.fml.loading.targets.CommonServerLaunchHandler.runService(CommonServerLaunchHandler.java:32) ~[loader-4.0.43.jar%2359!/:4.0]
	at MC-BOOTSTRAP/fml_loader@4.0.43/net.neoforged.fml.loading.targets.CommonLaunchHandler.lambda$launchService$4(CommonLaunchHandler.java:118) ~[loader-4.0.43.jar%2359!/:4.0]
	at MC-BOOTSTRAP/cpw.mods.modlauncher@11.0.5/cpw.mods.modlauncher.LaunchServiceHandlerDecorator.launch(LaunchServiceHandlerDecorator.java:30) [modlauncher-11.0.5.jar%2364!/:?]
	at MC-BOOTSTRAP/cpw.mods.modlauncher@11.0.5/cpw.mods.modlauncher.LaunchServiceHandler.launch(LaunchServiceHandler.java:53) [modlauncher-11.0.5.jar%2364!/:?]
	at MC-BOOTSTRAP/cpw.mods.modlauncher@11.0.5/cpw.mods.modlauncher.LaunchServiceHandler.launch(LaunchServiceHandler.java:71) [modlauncher-11.0.5.jar%2364!/:?]
	at MC-BOOTSTRAP/cpw.mods.modlauncher@11.0.5/cpw.mods.modlauncher.Launcher.run(Launcher.java:103) [modlauncher-11.0.5.jar%2364!/:?]
	at MC-BOOTSTRAP/cpw.mods.modlauncher@11.0.5/cpw.mods.modlauncher.Launcher.main(Launcher.java:74) [modlauncher-11.0.5.jar%2364!/:?]
	at MC-BOOTSTRAP/cpw.mods.modlauncher@11.0.5/cpw.mods.modlauncher.BootstrapLaunchConsumer.accept(BootstrapLaunchConsumer.java:26) [modlauncher-11.0.5.jar%2364!/:?]
	at MC-BOOTSTRAP/cpw.mods.modlauncher@11.0.5/cpw.mods.modlauncher.BootstrapLaunchConsumer.accept(BootstrapLaunchConsumer.java:23) [modlauncher-11.0.5.jar%2364!/:?]
	at cpw.mods.bootstraplauncher@2.0.2/cpw.mods.bootstraplauncher.BootstrapLauncher.run(BootstrapLauncher.java:210) [bootstraplauncher-2.0.2.jar:?]
	at cpw.mods.bootstraplauncher@2.0.2/cpw.mods.bootstraplauncher.BootstrapLauncher.main(BootstrapLauncher.java:69) [bootstraplauncher-2.0.2.jar:?]
	at java.base/jdk.internal.reflect.DirectMethodHandleAccessor.invoke(DirectMethodHandleAccessor.java:103) ~[?:?]
	at java.base/java.lang.reflect.Method.invoke(Method.java:580) ~[?:?]
	at net.neoforged.serverstarterjar.Main.mainLaunch(Main.java:306) [neoforge.jar:0.1.35]
	at net.neoforged.serverstarterjar.Main.main(Main.java:76) [neoforge.jar:0.1.35]
	at java.base/jdk.internal.reflect.DirectMethodHandleAccessor.invoke(DirectMethodHandleAccessor.java:103) ~[?:?]
	at java.base/java.lang.reflect.Method.invoke(Method.java:580) ~[?:?]
	at net.neoforged.serverstarterjar.Main8.main(Main8.java:19) [neoforge.jar:0.1.35]
[29Aug2026 21:22:03.803] [main/INFO] [net.minecraft.world.item.crafting.RecipeManager/]: Loaded 15986 recipes
[29Aug2026 21:22:03.805] [main/INFO] [wover-recipe/]: Added 0 recipes in 1ms
[29Aug2026 21:22:04.347] [main/INFO] [net.minecraft.advancements.AdvancementTree/]: Loaded 9735 advancements
[29Aug2026 21:22:04.823] [main/WARN] [com.iafenvoy.jupiter.Jupiter/]: Notice: Jupiter cannot resolve 6 empty List<Enum> since technical issue in Java, it is recommended to add a value in default value list.
[29Aug2026 21:22:04.824] [main/INFO] [com.iafenvoy.jupiter.Jupiter/]: Config spec loading complete, found 38 configs from 37 mods.
[29Aug2026 21:22:04.827] [main/INFO] [com.iafenvoy.jupiter.Jupiter/]: Cloth Config loading complete, found 1 configs from 1 mods.
[29Aug2026 21:22:04.828] [main/INFO] [com.iafenvoy.jupiter.Jupiter/]: Successfully reload 41 server config(s).
[29Aug2026 21:22:04.835] [main/INFO] [Curios API/]: Loaded 13 curio slots
[29Aug2026 21:22:04.840] [main/INFO] [Curios API/]: Loaded 12 curio entities
[29Aug2026 21:22:04.856] [main/WARN] [epicfight/]: Skill epicfight:air_slash doesn't exist in the registry.
[29Aug2026 21:22:04.856] [main/INFO] [epicfight/]: Pulling epicfight:armor from register
[29Aug2026 21:22:04.857] [main/INFO] [epicfight/]: Pulling epicfight:tachi from register
[29Aug2026 21:22:04.857] [main/INFO] [epicfight/]: Pulling epicfight:pickaxe from register
[29Aug2026 21:22:04.857] [main/INFO] [epicfight/]: Pulling epicfight:dagger from register
[29Aug2026 21:22:04.857] [main/INFO] [epicfight/]: Pulling epicfight:bow from register
[29Aug2026 21:22:04.858] [main/INFO] [epicfight/]: Pulling epicfight:longsword from register
[29Aug2026 21:22:04.858] [main/INFO] [epicfight/]: Pulling epicfight:hoe from register
[29Aug2026 21:22:04.858] [main/INFO] [epicfight/]: Pulling epicfight:shovel from register
[29Aug2026 21:22:04.858] [main/INFO] [epicfight/]: Pulling epicfight:shield from register
[29Aug2026 21:22:04.858] [main/INFO] [epicfight/]: Pulling epicfight:uchigatana from register
[29Aug2026 21:22:04.858] [main/INFO] [epicfight/]: Pulling epicfight:crossbow from register
[29Aug2026 21:22:04.858] [main/INFO] [epicfight/]: Pulling epicfight:fist from register
[29Aug2026 21:22:04.858] [main/INFO] [epicfight/]: Pulling epicfight:spear from register
[29Aug2026 21:22:04.858] [main/INFO] [epicfight/]: Pulling epicfight:map from register
[29Aug2026 21:22:04.858] [main/INFO] [epicfight/]: Pulling epicfight:sword from register
[29Aug2026 21:22:04.858] [main/INFO] [epicfight/]: Pulling epicfight:axe from register
[29Aug2026 21:22:04.858] [main/INFO] [epicfight/]: Pulling epicfight:trident from register
[29Aug2026 21:22:04.858] [main/INFO] [epicfight/]: Pulling epicfight:bokken from register
[29Aug2026 21:22:04.859] [main/INFO] [epicfight/]: Pulling epicfight:greatsword from register
[29Aug2026 21:22:04.870] [main/WARN] [epicfight/]: Error while deserializing datapack for minecraft:wooden_sword: No value present
[29Aug2026 21:22:05.025] [main/WARN] [dev.propulsionteam.propulsionsimulated.content.thruster.ThrusterFuelManager/]: [createpropulsion] Ignoring fuel config override for 'tfmg:lpg': fluid is not registered.
[29Aug2026 21:22:05.025] [main/WARN] [dev.propulsionteam.propulsionsimulated.content.thruster.ThrusterFuelManager/]: [createpropulsion] Ignoring fuel config override for 'mekanismgenerators:bioethanol': fluid is not registered.
[29Aug2026 21:22:05.025] [main/WARN] [dev.propulsionteam.propulsionsimulated.content.thruster.ThrusterFuelManager/]: [createpropulsion] Ignoring fuel config override for 'immersiveengineering:ethanol': fluid is not registered.
[29Aug2026 21:22:05.025] [main/WARN] [dev.propulsionteam.propulsionsimulated.content.thruster.ThrusterFuelManager/]: [createpropulsion] Ignoring fuel config override for 'stellaris:diesel': fluid is not registered.
[29Aug2026 21:22:05.025] [main/WARN] [dev.propulsionteam.propulsionsimulated.content.thruster.ThrusterFuelManager/]: [createpropulsion] Ignoring fuel config override for 'mekanism:hydrogen': fluid is not registered.
[29Aug2026 21:22:05.025] [main/WARN] [dev.propulsionteam.propulsionsimulated.content.thruster.ThrusterFuelManager/]: [createpropulsion] Ignoring fuel config override for 'immersiveengineering:biodiesel': fluid is not registered.
[29Aug2026 21:22:05.025] [main/WARN] [dev.propulsionteam.propulsionsimulated.content.thruster.ThrusterFuelManager/]: [createpropulsion] Ignoring fuel config override for 'northstar:methane': fluid is not registered.
[29Aug2026 21:22:05.025] [main/WARN] [dev.propulsionteam.propulsionsimulated.content.thruster.ThrusterFuelManager/]: [createpropulsion] Ignoring fuel config override for 'tfmg:diesel': fluid is not registered.
[29Aug2026 21:22:05.025] [main/WARN] [dev.propulsionteam.propulsionsimulated.content.thruster.ThrusterFuelManager/]: [createpropulsion] Ignoring fuel config override for 'northstar:hydrocarbon': fluid is not registered.
[29Aug2026 21:22:05.025] [main/WARN] [dev.propulsionteam.propulsionsimulated.content.thruster.ThrusterFuelManager/]: [createpropulsion] Ignoring fuel config override for 'stellaris:fuel': fluid is not registered.
[29Aug2026 21:22:05.026] [main/WARN] [dev.propulsionteam.propulsionsimulated.content.thruster.ThrusterFuelManager/]: [createpropulsion] Ignoring fuel config override for 'immersiveengineering:plantoil': fluid is not registered.
[29Aug2026 21:22:05.026] [main/WARN] [dev.propulsionteam.propulsionsimulated.content.thruster.ThrusterFuelManager/]: [createpropulsion] Ignoring fuel config override for 'tfmg:gasoline': fluid is not registered.
[29Aug2026 21:22:05.026] [main/WARN] [dev.propulsionteam.propulsionsimulated.content.thruster.ThrusterFuelManager/]: [createpropulsion] Ignoring fuel config override for 'immersivepetroleum:diesel_sulfur': fluid is not registered.
[29Aug2026 21:22:05.026] [main/WARN] [dev.propulsionteam.propulsionsimulated.content.thruster.ThrusterFuelManager/]: [createpropulsion] Ignoring fuel config override for 'tfmg:kerosene': fluid is not registered.
[29Aug2026 21:22:05.026] [main/WARN] [dev.propulsionteam.propulsionsimulated.content.thruster.ThrusterFuelManager/]: [createpropulsion] Ignoring fuel config override for 'northstar:biofuel': fluid is not registered.
[29Aug2026 21:22:05.026] [main/WARN] [dev.propulsionteam.propulsionsimulated.content.thruster.ThrusterFuelManager/]: [createpropulsion] Ignoring fuel config override for 'tfmg:naphtha': fluid is not registered.
[29Aug2026 21:22:05.026] [main/WARN] [dev.propulsionteam.propulsionsimulated.content.thruster.ThrusterFuelManager/]: [createpropulsion] Ignoring fuel config override for 'immersiveengineering:high_power_biodiesel': fluid is not registered.
[29Aug2026 21:22:05.026] [main/WARN] [dev.propulsionteam.propulsionsimulated.content.thruster.ThrusterFuelManager/]: [createpropulsion] Ignoring fuel config override for 'northstar:liquid_hydrogen': fluid is not registered.
[29Aug2026 21:22:05.026] [main/INFO] [dev.propulsionteam.propulsionsimulated.content.thruster.ThrusterFuelManager/]: [createpropulsion] Thruster fuel reload (datapack_reload) complete: datapackParsed=6, datapackSkippedMissingMod=18, datapackSkippedMissingFluid=0, configAdded=3, configOverridden=0, configMissingFluid=18, mergedDatapackAndConfig=9, scriptedOverrides=0, removed=0
[29Aug2026 21:22:05.030] [main/INFO] [dev.propulsionteam.propulsionsimulated.content.thruster.SolidThrusterFuelManager/]: [createpropulsion] Solid thruster fuel reload (datapack_reload) complete: items=5, tags=7, mergedItems=5, scripted=0, removed=0
[29Aug2026 21:22:05.034] [main/INFO] [pipesnphysics/]: Loaded 1 centrifuging recipe(s)
[29Aug2026 21:22:05.035] [main/INFO] [friendsandfoes/]: Loaded 1 moobloom variants
[29Aug2026 21:22:05.080] [main/INFO] [friendsandfoes/]: Loaded 32 entity animations
[29Aug2026 21:22:10.895] [main/INFO] [Slice & Dice/]: Injecting recipes
[29Aug2026 21:22:10.916] [main/WARN] [Slice & Dice/]: Unable to convert fluids in recipe sliceanddice:cooking/createfood/farmersdelight/cooking/pumpkin_pie_filling_bucket_from_cooking
java.lang.IllegalArgumentException: Recipe has more fluid inputs (3) than supported (2).
	at TRANSFORMER/sliceanddice@4.3.3/com.possible_triangle.sliceanddice.compat.MixingRecipeGenerator.resolveAll(MixingRecipeGenerator.kt:87) ~[sliceanddice-4.3.3-neoforge.jar%23348!/:4.3.3]
	at TRANSFORMER/sliceanddice@4.3.3/com.possible_triangle.sliceanddice.compat.FarmersDelightCompat.basinCookingRecipes(FarmersDelightCompat.kt:100) ~[sliceanddice-4.3.3-neoforge.jar%23348!/:4.3.3]
	at TRANSFORMER/sliceanddice@4.3.3/com.possible_triangle.sliceanddice.compat.FarmersDelightCompat.injectRecipes(FarmersDelightCompat.kt:47) ~[sliceanddice-4.3.3-neoforge.jar%23348!/:4.3.3]
	at TRANSFORMER/sliceanddice@4.3.3/com.possible_triangle.sliceanddice.compat.ModCompat.injectRecipes$lambda$0(ModCompat.kt:44) ~[sliceanddice-4.3.3-neoforge.jar%23348!/:4.3.3]
	at TRANSFORMER/sliceanddice@4.3.3/com.possible_triangle.sliceanddice.compat.FarmersDelightCompat$Companion.ifLoaded$lambda$0(FarmersDelightCompat.kt:34) ~[sliceanddice-4.3.3-neoforge.jar%23348!/:4.3.3]
	at TRANSFORMER/sliceanddice@4.3.3/com.possible_triangle.sliceanddice.compat.ModCompat.ifLoaded(ModCompat.kt:34) ~[sliceanddice-4.3.3-neoforge.jar%23348!/:4.3.3]
	at TRANSFORMER/sliceanddice@4.3.3/com.possible_triangle.sliceanddice.compat.FarmersDelightCompat$Companion.ifLoaded(FarmersDelightCompat.kt:33) ~[sliceanddice-4.3.3-neoforge.jar%23348!/:4.3.3]
	at TRANSFORMER/sliceanddice@4.3.3/com.possible_triangle.sliceanddice.compat.ModCompat.injectRecipes(ModCompat.kt:44) ~[sliceanddice-4.3.3-neoforge.jar%23348!/:4.3.3]
	at TRANSFORMER/sliceanddice@4.3.3/com.possible_triangle.sliceanddice.RecipeInjection.injectRecipes(RecipeInjection.kt:21) ~[sliceanddice-4.3.3-neoforge.jar%23348!/:4.3.3]
	at TRANSFORMER/minecraft@1.21.1/net.minecraft.server.ReloadableServerResources.handler$cka000$sliceanddice$injectRecipes(ReloadableServerResources.java:2020) ~[server-1.21.1-20240808.144430-srg.jar%23239!/:?]
	at TRANSFORMER/minecraft@1.21.1/net.minecraft.server.ReloadableServerResources.updateRegistryTags(ReloadableServerResources.java:144) ~[server-1.21.1-20240808.144430-srg.jar%23239!/:?]
	at TRANSFORMER/minecraft@1.21.1/net.minecraft.server.WorldLoader.lambda$load$1(WorldLoader.java:64) ~[server-1.21.1-20240808.144430-srg.jar%23239!/:?]
	at java.base/java.util.concurrent.CompletableFuture$UniApply.tryFire(CompletableFuture.java:646) ~[?:?]
	at java.base/java.util.concurrent.CompletableFuture$Completion.run(CompletableFuture.java:482) ~[?:?]
	at TRANSFORMER/minecraft@1.21.1/net.minecraft.Util.blockUntilDone(Util.java:872) ~[server-1.21.1-20240808.144430-srg.jar%23239!/:?]
	at TRANSFORMER/minecraft@1.21.1/net.minecraft.Util.blockUntilDone(Util.java:861) ~[server-1.21.1-20240808.144430-srg.jar%23239!/:?]
	at TRANSFORMER/minecraft@1.21.1/net.minecraft.server.Main.main(Main.java:204) ~[server-1.21.1-20240808.144430-srg.jar%23239!/:?]
	at java.base/jdk.internal.reflect.DirectMethodHandleAccessor.invoke(DirectMethodHandleAccessor.java:103) ~[?:?]
	at java.base/java.lang.reflect.Method.invoke(Method.java:580) ~[?:?]
	at MC-BOOTSTRAP/fml_loader@4.0.43/net.neoforged.fml.loading.targets.CommonLaunchHandler.runTarget(CommonLaunchHandler.java:136) ~[loader-4.0.43.jar%2359!/:4.0]
	at MC-BOOTSTRAP/fml_loader@4.0.43/net.neoforged.fml.loading.targets.CommonLaunchHandler.serverService(CommonLaunchHandler.java:128) ~[loader-4.0.43.jar%2359!/:4.0]
	at MC-BOOTSTRAP/fml_loader@4.0.43/net.neoforged.fml.loading.targets.CommonServerLaunchHandler.runService(CommonServerLaunchHandler.java:32) ~[loader-4.0.43.jar%2359!/:4.0]
	at MC-BOOTSTRAP/fml_loader@4.0.43/net.neoforged.fml.loading.targets.CommonLaunchHandler.lambda$launchService$4(CommonLaunchHandler.java:118) ~[loader-4.0.43.jar%2359!/:4.0]
	at MC-BOOTSTRAP/cpw.mods.modlauncher@11.0.5/cpw.mods.modlauncher.LaunchServiceHandlerDecorator.launch(LaunchServiceHandlerDecorator.java:30) [modlauncher-11.0.5.jar%2364!/:?]
	at MC-BOOTSTRAP/cpw.mods.modlauncher@11.0.5/cpw.mods.modlauncher.LaunchServiceHandler.launch(LaunchServiceHandler.java:53) [modlauncher-11.0.5.jar%2364!/:?]
	at MC-BOOTSTRAP/cpw.mods.modlauncher@11.0.5/cpw.mods.modlauncher.LaunchServiceHandler.launch(LaunchServiceHandler.java:71) [modlauncher-11.0.5.jar%2364!/:?]
	at MC-BOOTSTRAP/cpw.mods.modlauncher@11.0.5/cpw.mods.modlauncher.Launcher.run(Launcher.java:103) [modlauncher-11.0.5.jar%2364!/:?]
	at MC-BOOTSTRAP/cpw.mods.modlauncher@11.0.5/cpw.mods.modlauncher.Launcher.main(Launcher.java:74) [modlauncher-11.0.5.jar%2364!/:?]
	at MC-BOOTSTRAP/cpw.mods.modlauncher@11.0.5/cpw.mods.modlauncher.BootstrapLaunchConsumer.accept(BootstrapLaunchConsumer.java:26) [modlauncher-11.0.5.jar%2364!/:?]
	at MC-BOOTSTRAP/cpw.mods.modlauncher@11.0.5/cpw.mods.modlauncher.BootstrapLaunchConsumer.accept(BootstrapLaunchConsumer.java:23) [modlauncher-11.0.5.jar%2364!/:?]
	at cpw.mods.bootstraplauncher@2.0.2/cpw.mods.bootstraplauncher.BootstrapLauncher.run(BootstrapLauncher.java:210) [bootstraplauncher-2.0.2.jar:?]
	at cpw.mods.bootstraplauncher@2.0.2/cpw.mods.bootstraplauncher.BootstrapLauncher.main(BootstrapLauncher.java:69) [bootstraplauncher-2.0.2.jar:?]
	at java.base/jdk.internal.reflect.DirectMethodHandleAccessor.invoke(DirectMethodHandleAccessor.java:103) ~[?:?]
	at java.base/java.lang.reflect.Method.invoke(Method.java:580) ~[?:?]
	at net.neoforged.serverstarterjar.Main.mainLaunch(Main.java:306) [neoforge.jar:0.1.35]
	at net.neoforged.serverstarterjar.Main.main(Main.java:76) [neoforge.jar:0.1.35]
	at java.base/jdk.internal.reflect.DirectMethodHandleAccessor.invoke(DirectMethodHandleAccessor.java:103) ~[?:?]
	at java.base/java.lang.reflect.Method.invoke(Method.java:580) ~[?:?]
	at net.neoforged.serverstarterjar.Main8.main(Main8.java:19) [neoforge.jar:0.1.35]
[29Aug2026 21:22:10.928] [main/WARN] [Slice & Dice/]: Unable to convert fluids in recipe sliceanddice:cooking/createfood/farmersdelight/cooking/muffin_batter_bucket_from_cooking
java.lang.IllegalArgumentException: Recipe has more fluid inputs (3) than supported (2).
	at TRANSFORMER/sliceanddice@4.3.3/com.possible_triangle.sliceanddice.compat.MixingRecipeGenerator.resolveAll(MixingRecipeGenerator.kt:87) ~[sliceanddice-4.3.3-neoforge.jar%23348!/:4.3.3]
	at TRANSFORMER/sliceanddice@4.3.3/com.possible_triangle.sliceanddice.compat.FarmersDelightCompat.basinCookingRecipes(FarmersDelightCompat.kt:100) ~[sliceanddice-4.3.3-neoforge.jar%23348!/:4.3.3]
	at TRANSFORMER/sliceanddice@4.3.3/com.possible_triangle.sliceanddice.compat.FarmersDelightCompat.injectRecipes(FarmersDelightCompat.kt:47) ~[sliceanddice-4.3.3-neoforge.jar%23348!/:4.3.3]
	at TRANSFORMER/sliceanddice@4.3.3/com.possible_triangle.sliceanddice.compat.ModCompat.injectRecipes$lambda$0(ModCompat.kt:44) ~[sliceanddice-4.3.3-neoforge.jar%23348!/:4.3.3]
	at TRANSFORMER/sliceanddice@4.3.3/com.possible_triangle.sliceanddice.compat.FarmersDelightCompat$Companion.ifLoaded$lambda$0(FarmersDelightCompat.kt:34) ~[sliceanddice-4.3.3-neoforge.jar%23348!/:4.3.3]
	at TRANSFORMER/sliceanddice@4.3.3/com.possible_triangle.sliceanddice.compat.ModCompat.ifLoaded(ModCompat.kt:34) ~[sliceanddice-4.3.3-neoforge.jar%23348!/:4.3.3]
	at TRANSFORMER/sliceanddice@4.3.3/com.possible_triangle.sliceanddice.compat.FarmersDelightCompat$Companion.ifLoaded(FarmersDelightCompat.kt:33) ~[sliceanddice-4.3.3-neoforge.jar%23348!/:4.3.3]
	at TRANSFORMER/sliceanddice@4.3.3/com.possible_triangle.sliceanddice.compat.ModCompat.injectRecipes(ModCompat.kt:44) ~[sliceanddice-4.3.3-neoforge.jar%23348!/:4.3.3]
	at TRANSFORMER/sliceanddice@4.3.3/com.possible_triangle.sliceanddice.RecipeInjection.injectRecipes(RecipeInjection.kt:21) ~[sliceanddice-4.3.3-neoforge.jar%23348!/:4.3.3]
	at TRANSFORMER/minecraft@1.21.1/net.minecraft.server.ReloadableServerResources.handler$cka000$sliceanddice$injectRecipes(ReloadableServerResources.java:2020) ~[server-1.21.1-20240808.144430-srg.jar%23239!/:?]
	at TRANSFORMER/minecraft@1.21.1/net.minecraft.server.ReloadableServerResources.updateRegistryTags(ReloadableServerResources.java:144) ~[server-1.21.1-20240808.144430-srg.jar%23239!/:?]
	at TRANSFORMER/minecraft@1.21.1/net.minecraft.server.WorldLoader.lambda$load$1(WorldLoader.java:64) ~[server-1.21.1-20240808.144430-srg.jar%23239!/:?]
	at java.base/java.util.concurrent.CompletableFuture$UniApply.tryFire(CompletableFuture.java:646) ~[?:?]
	at java.base/java.util.concurrent.CompletableFuture$Completion.run(CompletableFuture.java:482) ~[?:?]
	at TRANSFORMER/minecraft@1.21.1/net.minecraft.Util.blockUntilDone(Util.java:872) ~[server-1.21.1-20240808.144430-srg.jar%23239!/:?]
	at TRANSFORMER/minecraft@1.21.1/net.minecraft.Util.blockUntilDone(Util.java:861) ~[server-1.21.1-20240808.144430-srg.jar%23239!/:?]
	at TRANSFORMER/minecraft@1.21.1/net.minecraft.server.Main.main(Main.java:204) ~[server-1.21.1-20240808.144430-srg.jar%23239!/:?]
	at java.base/jdk.internal.reflect.DirectMethodHandleAccessor.invoke(DirectMethodHandleAccessor.java:103) ~[?:?]
	at java.base/java.lang.reflect.Method.invoke(Method.java:580) ~[?:?]
	at MC-BOOTSTRAP/fml_loader@4.0.43/net.neoforged.fml.loading.targets.CommonLaunchHandler.runTarget(CommonLaunchHandler.java:136) ~[loader-4.0.43.jar%2359!/:4.0]
	at MC-BOOTSTRAP/fml_loader@4.0.43/net.neoforged.fml.loading.targets.CommonLaunchHandler.serverService(CommonLaunchHandler.java:128) ~[loader-4.0.43.jar%2359!/:4.0]
	at MC-BOOTSTRAP/fml_loader@4.0.43/net.neoforged.fml.loading.targets.CommonServerLaunchHandler.runService(CommonServerLaunchHandler.java:32) ~[loader-4.0.43.jar%2359!/:4.0]
	at MC-BOOTSTRAP/fml_loader@4.0.43/net.neoforged.fml.loading.targets.CommonLaunchHandler.lambda$launchService$4(CommonLaunchHandler.java:118) ~[loader-4.0.43.jar%2359!/:4.0]
	at MC-BOOTSTRAP/cpw.mods.modlauncher@11.0.5/cpw.mods.modlauncher.LaunchServiceHandlerDecorator.launch(LaunchServiceHandlerDecorator.java:30) [modlauncher-11.0.5.jar%2364!/:?]
	at MC-BOOTSTRAP/cpw.mods.modlauncher@11.0.5/cpw.mods.modlauncher.LaunchServiceHandler.launch(LaunchServiceHandler.java:53) [modlauncher-11.0.5.jar%2364!/:?]
	at MC-BOOTSTRAP/cpw.mods.modlauncher@11.0.5/cpw.mods.modlauncher.LaunchServiceHandler.launch(LaunchServiceHandler.java:71) [modlauncher-11.0.5.jar%2364!/:?]
	at MC-BOOTSTRAP/cpw.mods.modlauncher@11.0.5/cpw.mods.modlauncher.Launcher.run(Launcher.java:103) [modlauncher-11.0.5.jar%2364!/:?]
	at MC-BOOTSTRAP/cpw.mods.modlauncher@11.0.5/cpw.mods.modlauncher.Launcher.main(Launcher.java:74) [modlauncher-11.0.5.jar%2364!/:?]
	at MC-BOOTSTRAP/cpw.mods.modlauncher@11.0.5/cpw.mods.modlauncher.BootstrapLaunchConsumer.accept(BootstrapLaunchConsumer.java:26) [modlauncher-11.0.5.jar%2364!/:?]
	at MC-BOOTSTRAP/cpw.mods.modlauncher@11.0.5/cpw.mods.modlauncher.BootstrapLaunchConsumer.accept(BootstrapLaunchConsumer.java:23) [modlauncher-11.0.5.jar%2364!/:?]
	at cpw.mods.bootstraplauncher@2.0.2/cpw.mods.bootstraplauncher.BootstrapLauncher.run(BootstrapLauncher.java:210) [bootstraplauncher-2.0.2.jar:?]
	at cpw.mods.bootstraplauncher@2.0.2/cpw.mods.bootstraplauncher.BootstrapLauncher.main(BootstrapLauncher.java:69) [bootstraplauncher-2.0.2.jar:?]
	at java.base/jdk.internal.reflect.DirectMethodHandleAccessor.invoke(DirectMethodHandleAccessor.java:103) ~[?:?]
	at java.base/java.lang.reflect.Method.invoke(Method.java:580) ~[?:?]
	at net.neoforged.serverstarterjar.Main.mainLaunch(Main.java:306) [neoforge.jar:0.1.35]
	at net.neoforged.serverstarterjar.Main.main(Main.java:76) [neoforge.jar:0.1.35]
	at java.base/jdk.internal.reflect.DirectMethodHandleAccessor.invoke(DirectMethodHandleAccessor.java:103) ~[?:?]
	at java.base/java.lang.reflect.Method.invoke(Method.java:580) ~[?:?]
	at net.neoforged.serverstarterjar.Main8.main(Main8.java:19) [neoforge.jar:0.1.35]
[29Aug2026 21:22:11.003] [main/INFO] [wover-generator/]: Updating Pickers for WoVer - Nether BiomeSource (6a4ab658)
[29Aug2026 21:22:11.005] [main/INFO] [wover-generator/]: Created WoverChunkGenerator with org.betterx.wover.generator.impl.biomesource.nether.WoverNetherBiomeSource
[29Aug2026 21:22:11.006] [main/INFO] [wover-generator/]: Updating Pickers for WoVer - The End  BiomeSource (17496413)
[29Aug2026 21:22:11.007] [main/INFO] [wover-generator/]: Created WoverChunkGenerator with org.betterx.wover.generator.impl.biomesource.end.WoverEndBiomeSource
[29Aug2026 21:22:11.012] [main/INFO] [wover-generator/]: Updating Pickers for WoVer - Nether BiomeSource (6a4ab658)
[29Aug2026 21:22:11.013] [main/INFO] [wover-generator/]: Updating Pickers for WoVer - Nether BiomeSource (79ff059a)
[29Aug2026 21:22:11.013] [main/INFO] [wover-generator/]: Updating Pickers for WoVer - Nether BiomeSource (79ff059a)
[29Aug2026 21:22:11.016] [main/INFO] [wover-generator/]: Added 4 biomes to wover:is_end/highland in 2.345 ms
[29Aug2026 21:22:11.016] [main/INFO] [wover-generator/]: Updating Pickers for WoVer - The End  BiomeSource (17496413)
[29Aug2026 21:22:11.017] [main/INFO] [wover-generator/]: Updating Pickers for WoVer - The End  BiomeSource (6d41f103)
[29Aug2026 21:22:11.018] [main/INFO] [wover-generator/]: Updating Pickers for WoVer - The End  BiomeSource (6d41f103)
[29Aug2026 21:22:11.021] [main/INFO] [com.github.alexmodguy.alexscaves.AlexsCaves/]: [AC] WorldGenOptionsMixin: Set world seed 8985828350889826254 in ACWorldSeedHolder (thread: main)
[29Aug2026 21:22:11.098] [main/INFO] [wover-biome/]: Applied 0 biome modifications and added 0 tags to 0 of 127 biomes in 2.199 ms
[29Aug2026 21:22:11.104] [Server thread/INFO] [net.minecraft.server.dedicated.DedicatedServer/]: Starting minecraft server version 1.21.1
[29Aug2026 21:22:11.105] [Server thread/INFO] [net.minecraft.server.dedicated.DedicatedServer/]: Loading properties
[29Aug2026 21:22:11.105] [Server thread/INFO] [net.minecraft.server.dedicated.DedicatedServer/]: Default game type: SURVIVAL
[29Aug2026 21:22:11.105] [Server thread/INFO] [net.minecraft.server.MinecraftServer/]: Generating keypair
[29Aug2026 21:22:11.181] [Server thread/INFO] [net.minecraft.server.dedicated.DedicatedServer/]: Starting Minecraft server on *:25565
[29Aug2026 21:22:11.246] [Server thread/INFO] [dev.ryanhcode.sable.Sable/]: Adding UDP server channel future
[29Aug2026 21:22:11.289] [Netty Epoll Server IO #0/INFO] [dev.ryanhcode.sable.Sable/]: Server UDP channel active
[29Aug2026 21:22:11.290] [Server thread/INFO] [net.minecraft.server.network.ServerConnectionListener/]: Using epoll channel type
[29Aug2026 21:22:11.327] [Server thread/INFO] [Puzzles Lib/]: Dispatching loading event for config hangglider-server.toml
[29Aug2026 21:22:11.748] [Server thread/INFO] [net.bettercombat.logic.WeaponRegistry/]: Encoded Weapon Attribute registry size (with package overhead): 35913 bytes (in 4 string chunks with the size of 10000)
[29Aug2026 21:22:11.758] [Server thread/INFO] [citadel/]: [Citadel] SurfaceRuleInitializer: Starting initialization...
[29Aug2026 21:22:11.758] [Server thread/INFO] [citadel/]: [Citadel] OVERWORLD rules registered: true
[29Aug2026 21:22:11.759] [Server thread/INFO] [citadel/]: [Citadel] Processing dimension: minecraft:the_nether
[29Aug2026 21:22:11.759] [Server thread/INFO] [citadel/]: [Citadel] Processing dimension: irons_spellbooks:pocket_dimension
[29Aug2026 21:22:11.759] [Server thread/INFO] [citadel/]: [Citadel] Processing dimension: minecraft:overworld
[29Aug2026 21:22:11.759] [Server thread/INFO] [citadel/]: Initialized Citadel surface rules for dimension: minecraft:overworld (category: OVERWORLD)
[29Aug2026 21:22:11.759] [Server thread/INFO] [citadel/]: [Citadel] Processing dimension: aether:the_aether
[29Aug2026 21:22:11.759] [Server thread/INFO] [citadel/]: Initialized Citadel surface rules for dimension: aether:the_aether (category: OVERWORLD)
[29Aug2026 21:22:11.760] [Server thread/INFO] [citadel/]: [Citadel] Processing dimension: deeperdarker:otherside
[29Aug2026 21:22:11.760] [Server thread/INFO] [citadel/]: Initialized Citadel surface rules for dimension: deeperdarker:otherside (category: OVERWORLD)
[29Aug2026 21:22:11.760] [Server thread/INFO] [citadel/]: [Citadel] Processing dimension: minecraft:the_end
[29Aug2026 21:22:11.760] [Server thread/INFO] [citadel/]: [Citadel] SurfaceRuleInitializer: Initialization complete.
[29Aug2026 21:22:11.760] [Server thread/INFO] [com.github.alexmodguy.alexscaves.AlexsCaves/]: [AC] onServerAboutToStart event fired!
[29Aug2026 21:22:11.761] [Server thread/INFO] [com.github.alexmodguy.alexscaves.AlexsCaves/]: [AC] Setting world seed 8985828350889826254 on biome sources during server start
[29Aug2026 21:22:11.762] [Server thread/INFO] [com.github.alexmodguy.alexscaves.AlexsCaves/]: [AC] LevelStems count: 6
[29Aug2026 21:22:11.763] [Server thread/INFO] [com.github.alexmodguy.alexscaves.AlexsCaves/]: [AC] Found BiomeSourceAccessor for dimension: minecraft:the_nether
[29Aug2026 21:22:11.763] [Server thread/INFO] [com.github.alexmodguy.alexscaves.AlexsCaves/]: [AC] Found BiomeSourceAccessor for dimension: irons_spellbooks:pocket_dimension
[29Aug2026 21:22:11.763] [Server thread/INFO] [com.github.alexmodguy.alexscaves.AlexsCaves/]: [AC] Found BiomeSourceAccessor for dimension: minecraft:overworld
[29Aug2026 21:22:11.763] [Server thread/INFO] [com.github.alexmodguy.alexscaves.AlexsCaves/]: [AC] Set seed on biome source for dimension: minecraft:overworld
[29Aug2026 21:22:11.764] [Server thread/INFO] [com.github.alexmodguy.alexscaves.AlexsCaves/]: [AC] Adding biome to expansion: alexscaves:magnetic_caves
[29Aug2026 21:22:11.764] [Server thread/INFO] [com.github.alexmodguy.alexscaves.AlexsCaves/]: [AC] Adding biome to expansion: alexscaves:primordial_caves
[29Aug2026 21:22:11.764] [Server thread/INFO] [com.github.alexmodguy.alexscaves.AlexsCaves/]: [AC] Adding biome to expansion: alexscaves:toxic_caves
[29Aug2026 21:22:11.764] [Server thread/INFO] [com.github.alexmodguy.alexscaves.AlexsCaves/]: [AC] Adding biome to expansion: alexscaves:abyssal_chasm
[29Aug2026 21:22:11.764] [Server thread/INFO] [com.github.alexmodguy.alexscaves.AlexsCaves/]: [AC] Adding biome to expansion: alexscaves:forlorn_hollows
[29Aug2026 21:22:11.765] [Server thread/INFO] [com.github.alexmodguy.alexscaves.AlexsCaves/]: [AC] Adding biome to expansion: alexscaves:candy_cavity
[29Aug2026 21:22:11.765] [Server thread/INFO] [com.github.alexmodguy.alexscaves.AlexsCaves/]: [AC] About to expand biome source with 6 AC biomes
[29Aug2026 21:22:11.766] [Server thread/INFO] [com.github.alexmodguy.alexscaves.AlexsCaves/]: [AC] Expanded biome source with 6 Alex's Caves biomes
[29Aug2026 21:22:11.766] [Server thread/INFO] [com.github.alexmodguy.alexscaves.AlexsCaves/]: [AC] Found BiomeSourceAccessor for dimension: aether:the_aether
[29Aug2026 21:22:11.766] [Server thread/INFO] [com.github.alexmodguy.alexscaves.AlexsCaves/]: [AC] Set seed on biome source for dimension: aether:the_aether
[29Aug2026 21:22:11.767] [Server thread/INFO] [com.github.alexmodguy.alexscaves.AlexsCaves/]: [AC] Found BiomeSourceAccessor for dimension: deeperdarker:otherside
[29Aug2026 21:22:11.767] [Server thread/INFO] [com.github.alexmodguy.alexscaves.AlexsCaves/]: [AC] Set seed on biome source for dimension: deeperdarker:otherside
[29Aug2026 21:22:11.767] [Server thread/INFO] [com.github.alexmodguy.alexscaves.AlexsCaves/]: [AC] Found BiomeSourceAccessor for dimension: minecraft:the_end
[29Aug2026 21:22:11.767] [Server thread/INFO] [net.minecraft.server.dedicated.DedicatedServer/]: Preparing level "world"
[29Aug2026 21:22:11.810] [Server thread/INFO] [wover-generator/]: World Dimensions: 
 - minecraft:the_nether: 
     WoVer - Chunk Generator (584d7f96)
         preset     = wover:normal
         noise      = minecraft:nether
         features   = minecraft(37), betternether(94), create(1), waystones(1)
     WoVer - Nether BiomeSource (79ff059a)
         biomes     = 27
         namespaces = betternether(22), minecraft(5)
         seed       = 8985828350889826254
         height     = 128
         config     = NetherConfig{mapVersion=hex, useVerticalBiomes=true, biomeSize=16, biomeSizeVertical=5}
 - irons_spellbooks:pocket_dimension: 
     FlatLevelSource (3947eee3)
         preset     = none
         features   = none
     FixedBiomeSource (1379ed6b)
         biomes     = 1
         namespaces = minecraft(1)
 - minecraft:overworld: 
     NoiseBasedChunkGenerator (37487e95)
         preset     = wover:normal
         noise      = minecraft:overworld
         features   = minecraft(176), irons_spellbooks(1), farmersdelight(9), alexscaves(145), born_in_chaos_v1(5), createnuclear(3), createpropulsion(4), create(2), waystones(4), adorablehamsterpets(3), iceandfire(13), artifacts(2)
     MultiNoiseBiomeSource (2e0c2d12)
         biomes     = 61
         namespaces = minecraft(55), alexscaves(6)
 - aether:the_aether: 
     NoiseBasedChunkGenerator (4bb21cf8)
         preset     = none
         noise      = aether:skylands
         features   = aether(23)
     MultiNoiseBiomeSource (615679c)
         biomes     = 4
         namespaces = aether(4)
 - deeperdarker:otherside: 
     NoiseBasedChunkGenerator (2ef5d95a)
         preset     = none
         noise      = deeperdarker:otherside
         features   = minecraft(2), deeperdarker(44)
     MultiNoiseBiomeSource (5c145a02)
         biomes     = 4
         namespaces = deeperdarker(4)
 - minecraft:the_end: 
     WoVer - Chunk Generator (6462918f)
         preset     = wover:normal
         noise      = minecraft:end
         features   = minecraft(5), betterend(127), waystones(1)
     WoVer - The End  BiomeSource (6d41f103)
         biomes     = 24
         namespaces = betterend(19), minecraft(5)
         seed       = 8985828350889826254
         height     = 128
         deciders   = 0
         config     = EndConfig{mapVersion=hex, generatorVersion=vanilla, withVoidBiomes=true, innerVoidRadius=1024, voidBiomesSize=16, centerBiomesSize=16, landBiomesSize=16, barrensBiomesSize=16}
[29Aug2026 21:22:11.870] [Server thread/INFO] [dev.ryanhcode.sable.Sable/]: Creating physics pipeline for ResourceKey[minecraft:dimension / minecraft:overworld] using RapierPhysicsPipelineProvider
[29Aug2026 21:22:11.884] [Server thread/INFO] [dev.ryanhcode.sable.Sable/]: Using game directory relative Sable Rapier native directory /workspaces/create-a/servidor_minecraft/.sable/natives
[29Aug2026 21:22:12.055] [Server thread/ERROR] [dev.ryanhcode.sable.Sable/]: Failed to apply tag physics properties. Unknown block: copycats:copycat_catwalk
[29Aug2026 21:22:12.608] [Server thread/INFO] [dev.ryanhcode.sable.Sable/]: Creating physics pipeline for ResourceKey[minecraft:dimension / minecraft:the_nether] using RapierPhysicsPipelineProvider
[29Aug2026 21:22:12.634] [Server thread/ERROR] [dev.ryanhcode.sable.Sable/]: Failed to apply tag physics properties. Unknown block: copycats:copycat_catwalk
[29Aug2026 21:22:17.061] [Server thread/INFO] [dev.ryanhcode.sable.Sable/]: Creating physics pipeline for ResourceKey[minecraft:dimension / irons_spellbooks:pocket_dimension] using RapierPhysicsPipelineProvider
[29Aug2026 21:22:17.071] [Server thread/ERROR] [dev.ryanhcode.sable.Sable/]: Failed to apply tag physics properties. Unknown block: copycats:copycat_catwalk
[29Aug2026 21:22:17.094] [Server thread/INFO] [dev.ryanhcode.sable.Sable/]: Creating physics pipeline for ResourceKey[minecraft:dimension / aether:the_aether] using RapierPhysicsPipelineProvider
[29Aug2026 21:22:17.102] [Server thread/ERROR] [dev.ryanhcode.sable.Sable/]: Failed to apply tag physics properties. Unknown block: copycats:copycat_catwalk
[29Aug2026 21:22:17.123] [Server thread/INFO] [dev.ryanhcode.sable.Sable/]: Creating physics pipeline for ResourceKey[minecraft:dimension / deeperdarker:otherside] using RapierPhysicsPipelineProvider
[29Aug2026 21:22:17.132] [Server thread/ERROR] [dev.ryanhcode.sable.Sable/]: Failed to apply tag physics properties. Unknown block: copycats:copycat_catwalk
[29Aug2026 21:22:17.150] [Server thread/INFO] [dev.ryanhcode.sable.Sable/]: Creating physics pipeline for ResourceKey[minecraft:dimension / minecraft:the_end] using RapierPhysicsPipelineProvider
[29Aug2026 21:22:17.159] [Server thread/ERROR] [dev.ryanhcode.sable.Sable/]: Failed to apply tag physics properties. Unknown block: copycats:copycat_catwalk
[29Aug2026 21:22:17.189] [Server thread/INFO] [net.minecraft.server.MinecraftServer/]: Preparing start region for dimension minecraft:overworld
[29Aug2026 21:22:19.103] [Worker-Main-1/INFO] [net.minecraft.server.level.progress.LoggerChunkProgressListener/]: Preparing spawn area: 0%
[29Aug2026 21:22:19.103] [Worker-Main-1/INFO] [net.minecraft.server.level.progress.LoggerChunkProgressListener/]: Preparing spawn area: 0%
[29Aug2026 21:22:19.104] [Worker-Main-1/INFO] [net.minecraft.server.level.progress.LoggerChunkProgressListener/]: Preparing spawn area: 0%
[29Aug2026 21:22:19.104] [Worker-Main-1/INFO] [net.minecraft.server.level.progress.LoggerChunkProgressListener/]: Preparing spawn area: 0%
[29Aug2026 21:22:19.476] [Worker-Main-3/INFO] [net.minecraft.server.level.progress.LoggerChunkProgressListener/]: Preparing spawn area: 4%
[29Aug2026 21:22:19.700] [Server thread/INFO] [net.minecraft.server.level.progress.LoggerChunkProgressListener/]: Time elapsed: 2510 ms
[29Aug2026 21:22:19.700] [Server thread/INFO] [net.minecraft.server.dedicated.DedicatedServer/]: Done (8.391s)! For help, type "help"
[29Aug2026 21:22:19.716] [Server thread/WARN] [net.minecraft.server.packs.PathPackResources/]: Non [a-z0-9_.-] character in namespace LICENSE_NOTICE.txt in pack , ignoring
[29Aug2026 21:22:19.898] [Server thread/WARN] [net.minecraft.server.packs.PathPackResources/]: Non [a-z0-9_.-] character in namespace LICENSE_NOTICE.txt in pack , ignoring
[29Aug2026 21:22:20.505] [Server thread/INFO] [net.neoforged.neoforge.server.permission.PermissionAPI/]: Successfully initialized permission handler neoforge:default_handler
[29Aug2026 21:22:20.525] [Server thread/INFO] [dev.averageanime.neoforge.CreateFood/]: Create: Food - Server Startup
[29Aug2026 21:22:20.557] [Server thread/INFO] [adorablehamsterpets/]:   |                                                                                      
[29Aug2026 21:22:20.557] [Server thread/INFO] [adorablehamsterpets/]:   |                                                                                      
[29Aug2026 21:22:20.557] [Server thread/INFO] [adorablehamsterpets/]:   |                      Adorable Hamster Pets Procedural Genetics Engine                
[29Aug2026 21:22:20.558] [Server thread/INFO] [adorablehamsterpets/]:   |      --------------------------------------------------------------------------------
[29Aug2026 21:22:20.558] [Server thread/INFO] [adorablehamsterpets/]:   |      Base Fur Palettes ................. | 45
[29Aug2026 21:22:20.558] [Server thread/INFO] [adorablehamsterpets/]:   |      Base Fur Patterns ................. | x 1
[29Aug2026 21:22:20.558] [Server thread/INFO] [adorablehamsterpets/]:   |      Potential Wild Overlay Types ...... | x 261 (26 Palettes x 10 Patterns + 1 blank)
[29Aug2026 21:22:20.559] [Server thread/INFO] [adorablehamsterpets/]:   |      Potential Breeding Overlay Types .. | x 451 (45 Palettes x 10 Patterns + 1 blank)
[29Aug2026 21:22:20.559] [Server thread/INFO] [adorablehamsterpets/]:   |      Potential Eye Color Types ......... | x 2
[29Aug2026 21:22:20.559] [Server thread/INFO] [adorablehamsterpets/]:   |      Visually Distinct Wild Variants ... | = 3,585
[29Aug2026 21:22:20.560] [Server thread/INFO] [adorablehamsterpets/]:   |        ↑ Filtered: Overlays must...
[29Aug2026 21:22:20.560] [Server thread/INFO] [adorablehamsterpets/]:   |          - Be allowed (WHITE, LIGHT_GRAY, DARK_GRAY, CREAM) ← default: neutrals
[29Aug2026 21:22:20.560] [Server thread/INFO] [adorablehamsterpets/]:   |          - Be brighter than base color
[29Aug2026 21:22:20.561] [Server thread/INFO] [adorablehamsterpets/]:   |          - Be less saturated than base color
[29Aug2026 21:22:20.561] [Server thread/INFO] [adorablehamsterpets/]:   |          - Not clash with the BLUE, LAVENDER color zones
[29Aug2026 21:22:20.561] [Server thread/INFO] [adorablehamsterpets/]:   |      Total Possible After Breeding ..... | = 2,850,450
[29Aug2026 21:22:20.562] [Server thread/INFO] [adorablehamsterpets/]:   |      Number of 3D Color Relationships .. | = 4,062,534,026,475
[29Aug2026 21:22:20.564] [Server thread/INFO] [adorablehamsterpets/]:   |                                                                                      
[29Aug2026 21:22:20.564] [Server thread/INFO] [adorablehamsterpets/]:   |                                                                                      
[29Aug2026 21:22:20.564] [Server thread/INFO] [adorablehamsterpets/]:   |                   Community Hamster Textures Automatically Sorted into               
[29Aug2026 21:22:20.565] [Server thread/INFO] [adorablehamsterpets/]:   |                   3D Color Space Based on Hue, Saturation & Brightness               
[29Aug2026 21:22:20.565] [Server thread/INFO] [adorablehamsterpets/]:   |                                                                                      
[29Aug2026 21:22:20.565] [Server thread/INFO] [adorablehamsterpets/]:   |      > @jimcerberus
[29Aug2026 21:22:20.565] [Server thread/INFO] [adorablehamsterpets/]:   |        [WHITE Zone] ←-- Pearl White, Smoke Pearl, Homo Silver Gray
[29Aug2026 21:22:20.566] [Server thread/INFO] [adorablehamsterpets/]:   |        [SKY Zone] ←-- Diluted Blue
[29Aug2026 21:22:20.566] [Server thread/INFO] [adorablehamsterpets/]:   |        [CHERRY Zone] ←-- Pearl Rose
[29Aug2026 21:22:20.566] [Server thread/INFO] [adorablehamsterpets/]:   |        [LIGHT_GRAY Zone] ←-- Silver Gray Het, Opal, Blue Fawn, Silver Gray Dark, Silver
[29Aug2026 21:22:20.566] [Server thread/INFO] [adorablehamsterpets/]:   |        [CREAM Zone] ←-- Tortoise Shell, Sable, Cheesecake Mocha, Coconut, Beige, Classic Mocha
[29Aug2026 21:22:20.566] [Server thread/INFO] [adorablehamsterpets/]:   |        [RUST Zone] ←-- Rust
[29Aug2026 21:22:20.567] [Server thread/INFO] [adorablehamsterpets/]:   |        [ORANGE Zone] ←-- Cinnamon
[29Aug2026 21:22:20.567] [Server thread/INFO] [adorablehamsterpets/]:   |                                                                                      
[29Aug2026 21:22:20.567] [Server thread/INFO] [adorablehamsterpets/]:   |                                                                                      
[29Aug2026 21:22:20.567] [Server thread/INFO] [adorablehamsterpets/]:   |                                                                                      
[29Aug2026 21:22:20.601] [Server thread/INFO] [patchouli/]: Sending reload packet to clients
[29Aug2026 21:24:32.435] [User Authenticator #1/INFO] [net.minecraft.server.network.ServerLoginPacketListenerImpl/]: UUID of player pecela19 is 380e8d69-ce47-4108-9a35-474fc21079c0
[29Aug2026 21:24:37.700] [Server thread/INFO] [net.minecraft.server.players.PlayerList/]: pecela19[/127.164.195.96:40687] logged in with entity id 28 at (-885.5585150139646, 63.0, 812.3347642502098)
[29Aug2026 21:24:37.711] [Server thread/INFO] [dev.ryanhcode.sable.Sable/]: Beginning attempted authentication with player pecela19
[29Aug2026 21:24:37.888] [Server thread/INFO] [net.minecraft.server.MinecraftServer/]: pecela19 joined the game
[29Aug2026 21:24:38.120] [Server thread/INFO] [artifacts.Artifacts/]: Sending item configs to client
[29Aug2026 21:24:39.773] [Server thread/INFO] [com.simibubi.create.Create/]: RecipeTrie of depth 9 with 3883 nodes built with 2118 variants, 1458 ingredients, and 3026 recipes
[29Aug2026 21:27:20.660] [Server thread/INFO] [dev.ryanhcode.sable.Sable/]: Saving sub-levels for level 'ServerLevel[world]'/minecraft:overworld
[29Aug2026 21:27:20.726] [Server thread/INFO] [dev.ryanhcode.sable.Sable/]: Saving sub-levels for level 'ServerLevel[world]'/minecraft:the_nether
[29Aug2026 21:27:20.727] [Server thread/INFO] [dev.ryanhcode.sable.Sable/]: Saving sub-levels for level 'ServerLevel[world]'/irons_spellbooks:pocket_dimension
[29Aug2026 21:27:20.727] [Server thread/INFO] [dev.ryanhcode.sable.Sable/]: Saving sub-levels for level 'ServerLevel[world]'/aether:the_aether
[29Aug2026 21:27:20.727] [Server thread/INFO] [dev.ryanhcode.sable.Sable/]: Saving sub-levels for level 'ServerLevel[world]'/deeperdarker:otherside
[29Aug2026 21:27:20.727] [Server thread/INFO] [dev.ryanhcode.sable.Sable/]: Saving sub-levels for level 'ServerLevel[world]'/minecraft:the_end
[29Aug2026 21:30:03.213] [Server thread/INFO] [net.minecraft.server.MinecraftServer/]: [pecela19: Teleported pecela19 to -165.500000, 69.500000, 358.500000]
[29Aug2026 21:30:28.789] [Server thread/WARN] [net.minecraft.server.level.ServerPlayerGameMode/]: Mismatch in destroy block pos: BlockPos{x=-174, y=65, z=359} BlockPos{x=-176, y=64, z=359}
[29Aug2026 21:30:40.571] [Server thread/INFO] [net.minecraft.server.MinecraftServer/]: [pecela19: Teleported pecela19 to -889.500000, 65.500000, 806.500000]
[29Aug2026 21:30:56.370] [Server thread/INFO] [net.minecraft.server.MinecraftServer/]: [pecela19: Teleported pecela19 to -880.500000, 63.500000, 814.500000]
[29Aug2026 21:31:44.484] [Server thread/INFO] [net.minecraft.server.MinecraftServer/]: [pecela19: Teleported pecela19 to -450.500000, 72.500000, 1363.500000]
[29Aug2026 21:31:49.229] [Server thread/WARN] [net.minecraft.server.level.ServerPlayerGameMode/]: Mismatch in destroy block pos: BlockPos{x=-451, y=70, z=1369} BlockPos{x=-451, y=70, z=1368}
[29Aug2026 21:31:50.469] [Server thread/WARN] [net.minecraft.server.level.ServerPlayerGameMode/]: Mismatch in destroy block pos: BlockPos{x=-453, y=71, z=1370} BlockPos{x=-455, y=71, z=1368}
[29Aug2026 21:32:20.691] [Server thread/INFO] [dev.ryanhcode.sable.Sable/]: Saving sub-levels for level 'ServerLevel[world]'/minecraft:overworld
[29Aug2026 21:32:20.750] [Server thread/INFO] [dev.ryanhcode.sable.Sable/]: Saving sub-levels for level 'ServerLevel[world]'/minecraft:the_nether
[29Aug2026 21:32:20.750] [Server thread/INFO] [dev.ryanhcode.sable.Sable/]: Saving sub-levels for level 'ServerLevel[world]'/irons_spellbooks:pocket_dimension
[29Aug2026 21:32:20.750] [Server thread/INFO] [dev.ryanhcode.sable.Sable/]: Saving sub-levels for level 'ServerLevel[world]'/aether:the_aether
[29Aug2026 21:32:20.751] [Server thread/INFO] [dev.ryanhcode.sable.Sable/]: Saving sub-levels for level 'ServerLevel[world]'/deeperdarker:otherside
[29Aug2026 21:32:20.751] [Server thread/INFO] [dev.ryanhcode.sable.Sable/]: Saving sub-levels for level 'ServerLevel[world]'/minecraft:the_end
[29Aug2026 21:32:27.098] [Server thread/WARN] [net.minecraft.server.level.ServerPlayerGameMode/]: Mismatch in destroy block pos: BlockPos{x=-482, y=76, z=1386} BlockPos{x=-481, y=75, z=1388}
[29Aug2026 21:32:27.130] [Server thread/WARN] [net.minecraft.server.level.ServerPlayerGameMode/]: Mismatch in destroy block pos: BlockPos{x=-482, y=77, z=1387} BlockPos{x=-481, y=75, z=1388}
[29Aug2026 21:32:28.265] [Server thread/WARN] [net.minecraft.server.level.ServerPlayerGameMode/]: Mismatch in destroy block pos: BlockPos{x=-478, y=76, z=1385} BlockPos{x=-477, y=75, z=1383}
[29Aug2026 21:32:30.259] [Worker-Main-1/WARN] [mixin/]: Method overwrite conflict for getChunk in bclib.mixins.common.json:SurfaceRulesContextAccessor from mod bclib, previously written by dev.worldgen.lithostitched.mixin.common.SurfaceRulesContextMixin. Skipping method.
[29Aug2026 21:32:30.260] [Worker-Main-1/WARN] [mixin/]: Method overwrite conflict for getNoiseChunk in bclib.mixins.common.json:SurfaceRulesContextAccessor from mod bclib, previously written by dev.worldgen.lithostitched.mixin.common.SurfaceRulesContextMixin. Skipping method.
[29Aug2026 21:32:30.260] [Worker-Main-1/WARN] [mixin/]: Method overwrite conflict for getStoneDepthBelow in bclib.mixins.common.json:SurfaceRulesContextAccessor from mod bclib, previously written by dev.worldgen.lithostitched.mixin.common.SurfaceRulesContextMixin. Skipping method.
[29Aug2026 21:32:30.260] [Worker-Main-1/WARN] [mixin/]: Method overwrite conflict for getRandomState in bclib.mixins.common.json:SurfaceRulesContextAccessor from mod bclib, previously written by dev.worldgen.lithostitched.mixin.common.SurfaceRulesContextMixin. Skipping method.
[29Aug2026 21:32:30.261] [Worker-Main-1/WARN] [mixin/]: Method overwrite conflict for getChunk in wover.surface.mixins.common.json:SurfaceRulesContextAccessor from mod wover_surface, previously written by dev.worldgen.lithostitched.mixin.common.SurfaceRulesContextMixin. Skipping method.
[29Aug2026 21:32:30.261] [Worker-Main-1/WARN] [mixin/]: Method overwrite conflict for getNoiseChunk in wover.surface.mixins.common.json:SurfaceRulesContextAccessor from mod wover_surface, previously written by dev.worldgen.lithostitched.mixin.common.SurfaceRulesContextMixin. Skipping method.
[29Aug2026 21:32:30.262] [Worker-Main-1/WARN] [mixin/]: Method overwrite conflict for getStoneDepthBelow in wover.surface.mixins.common.json:SurfaceRulesContextAccessor from mod wover_surface, previously written by dev.worldgen.lithostitched.mixin.common.SurfaceRulesContextMixin. Skipping method.
[29Aug2026 21:32:30.262] [Worker-Main-1/WARN] [mixin/]: Method overwrite conflict for getRandomState in wover.surface.mixins.common.json:SurfaceRulesContextAccessor from mod wover_surface, previously written by dev.worldgen.lithostitched.mixin.common.SurfaceRulesContextMixin. Skipping method.
[29Aug2026 21:32:40.044] [Worker-Main-1/ERROR] [net.minecraft.world.item.ItemStack/]: Tried to load invalid item: 'Item must not be minecraft:air'
[29Aug2026 21:32:40.045] [Worker-Main-1/ERROR] [net.minecraft.world.item.ItemStack/]: Tried to load invalid item: 'Item must not be minecraft:air'
[29Aug2026 21:32:40.594] [Server thread/WARN] [net.minecraft.server.level.ServerPlayerGameMode/]: Mismatch in destroy block pos: BlockPos{x=-484, y=75, z=1383} BlockPos{x=-485, y=74, z=1384}
[29Aug2026 21:32:40.651] [Worker-Main-4/ERROR] [net.minecraft.world.item.ItemStack/]: Tried to load invalid item: 'Item must not be minecraft:air'
[29Aug2026 21:32:40.670] [Server thread/WARN] [net.minecraft.server.level.ServerPlayerGameMode/]: Mismatch in destroy block pos: BlockPos{x=-484, y=75, z=1383} BlockPos{x=-485, y=74, z=1384}
[29Aug2026 21:32:41.591] [Server thread/WARN] [net.minecraft.server.level.ServerPlayerGameMode/]: Mismatch in destroy block pos: BlockPos{x=-484, y=76, z=1380} BlockPos{x=-483, y=75, z=1380}
[29Aug2026 21:32:41.625] [Server thread/WARN] [net.minecraft.server.level.ServerPlayerGameMode/]: Mismatch in destroy block pos: BlockPos{x=-484, y=76, z=1380} BlockPos{x=-483, y=75, z=1380}
[29Aug2026 21:33:44.665] [Worker-Main-4/ERROR] [net.minecraft.world.item.ItemStack/]: Tried to load invalid item: 'Item must not be minecraft:air'
[29Aug2026 21:34:07.981] [Server thread/INFO] [net.minecraft.server.MinecraftServer/]: [pecela19: Teleported pecela19 to -187.500000, 63.500000, 1537.500000]
[29Aug2026 21:34:14.791] [Worker-Main-4/WARN] [lithostitched/]: Couldn't find template pool reference: minecraft: (Jigsaw block location: 135, 19, 1426)
[29Aug2026 21:34:17.354] [Worker-Main-4/WARN] [lithostitched/]: Couldn't find template pool reference: minecraft: (Jigsaw block location: 199, 70, 1698)
[29Aug2026 21:34:17.365] [Worker-Main-4/WARN] [lithostitched/]: Couldn't find template pool reference: minecraft: (Jigsaw block location: 195, 58, 1709)
[29Aug2026 21:34:17.945] [Worker-Main-5/ERROR] [net.neoforged.neoforge.attachment.AttachmentHolder/]: Encountered unknown or non-serializable data attachment apotheosis:tier_augments_applied. Skipping.
[29Aug2026 21:34:23.550] [Server thread/WARN] [net.minecraft.server.network.ServerGamePacketListenerImpl/]: pecela19 moved too quickly! 7.114152488960087,0.12129684053920187,7.259809500243591
[29Aug2026 21:34:23.600] [Server thread/WARN] [net.minecraft.server.MinecraftServer/]: Can't keep up! Is the server overloaded? Running 3285ms or 65 ticks behind
[29Aug2026 21:34:26.394] [Worker-Main-5/ERROR] [net.neoforged.neoforge.attachment.AttachmentHolder/]: Encountered unknown or non-serializable data attachment apotheosis:tier_augments_applied. Skipping.
[29Aug2026 21:34:26.395] [Worker-Main-5/ERROR] [net.neoforged.neoforge.attachment.AttachmentHolder/]: Encountered unknown or non-serializable data attachment apotheosis:tier_augments_applied. Skipping.
[29Aug2026 21:35:15.826] [Worker-Main-1/WARN] [net.minecraft.world.entity.npc.AbstractVillager/]: Failed to load offers: Unknown registry key in ResourceKey[minecraft:root / minecraft:item]: expandeddelight:peanut
[29Aug2026 21:35:24.135] [Worker-Main-5/WARN] [net.minecraft.world.entity.ai.attributes.AttributeMap/]: Ignoring unknown attribute 'caelus:fall_flying'
[29Aug2026 21:35:32.690] [Worker-Main-1/WARN] [net.minecraft.world.entity.ai.attributes.AttributeMap/]: Ignoring unknown attribute 'caelus:fall_flying'
[29Aug2026 21:35:57.454] [Worker-Main-5/WARN] [net.minecraft.world.entity.ai.attributes.AttributeMap/]: Ignoring unknown attribute 'caelus:fall_flying'
[29Aug2026 21:36:05.520] [Worker-Main-5/WARN] [net.minecraft.world.entity.ai.attributes.AttributeMap/]: Ignoring unknown attribute 'forge:entity_gravity'
[29Aug2026 21:36:05.522] [Worker-Main-5/WARN] [net.minecraft.world.entity.ai.attributes.AttributeMap/]: Ignoring unknown attribute 'forge:step_height_addition'
[29Aug2026 21:36:15.808] [Server thread/WARN] [net.minecraft.world.level.chunk.LevelChunk/]: Tried to load a block entity for block Block{create:andesite_table_cloth}[entity=false] but failed at location BlockPos{x=226, y=77, z=1422}
[29Aug2026 21:37:20.056] [Worker-Main-4/WARN] [lithostitched/]: Couldn't find template pool reference: create_easy_structures:undergroundtrain_station (Jigsaw block location: 156, 33, 2041)
[29Aug2026 21:37:20.058] [Worker-Main-4/WARN] [lithostitched/]: Couldn't find template pool reference: create_easy_structures:undergroundtrain_station (Jigsaw block location: 138, 33, 2058)
[29Aug2026 21:37:20.058] [Worker-Main-4/WARN] [lithostitched/]: Couldn't find template pool reference: create_easy_structures:undergroundtrain_station (Jigsaw block location: 121, 33, 2041)
[29Aug2026 21:37:21.940] [Worker-Main-4/ERROR] [net.neoforged.neoforge.attachment.AttachmentHolder/]: Encountered unknown or non-serializable data attachment apotheosis:tier_augments_applied. Skipping.
[29Aug2026 21:37:23.870] [Server thread/INFO] [dev.ryanhcode.sable.Sable/]: Saving sub-levels for level 'ServerLevel[world]'/minecraft:overworld
[29Aug2026 21:37:23.908] [Server thread/INFO] [dev.ryanhcode.sable.Sable/]: Saving sub-levels for level 'ServerLevel[world]'/minecraft:the_nether
[29Aug2026 21:37:23.908] [Server thread/INFO] [dev.ryanhcode.sable.Sable/]: Saving sub-levels for level 'ServerLevel[world]'/irons_spellbooks:pocket_dimension
[29Aug2026 21:37:23.908] [Server thread/INFO] [dev.ryanhcode.sable.Sable/]: Saving sub-levels for level 'ServerLevel[world]'/aether:the_aether
[29Aug2026 21:37:23.908] [Server thread/INFO] [dev.ryanhcode.sable.Sable/]: Saving sub-levels for level 'ServerLevel[world]'/deeperdarker:otherside
[29Aug2026 21:37:23.909] [Server thread/INFO] [dev.ryanhcode.sable.Sable/]: Saving sub-levels for level 'ServerLevel[world]'/minecraft:the_end
[29Aug2026 21:37:38.796] [Server thread/INFO] [net.minecraft.server.MinecraftServer/]: [pecela19: Teleported pecela19 to 97.500000, 184.500000, 1629.500000]
[29Aug2026 21:40:18.206] [Server thread/INFO] [net.minecraft.server.MinecraftServer/]: [pecela19: Teleported pecela19 to 94.500000, 68.500000, 1634.500000]
[29Aug2026 21:40:44.754] [Worker-Main-4/ERROR] [net.minecraft.world.item.ItemStack/]: Tried to load invalid item: 'Item must not be minecraft:air'
[29Aug2026 21:40:44.755] [Worker-Main-4/ERROR] [net.minecraft.world.item.ItemStack/]: Tried to load invalid item: 'Item must not be minecraft:air'
[29Aug2026 21:41:26.334] [Server thread/INFO] [net.minecraft.server.MinecraftServer/]: pecela19 has made the advancement [A Fool's Folly]
[29Aug2026 21:42:14.818] [Server thread/INFO] [net.minecraft.server.MinecraftServer/]: [pecela19: Teleported pecela19 to -880.500000, 63.500000, 814.500000]
[29Aug2026 21:42:23.998] [Server thread/INFO] [dev.ryanhcode.sable.Sable/]: Saving sub-levels for level 'ServerLevel[world]'/minecraft:overworld
[29Aug2026 21:42:24.138] [Server thread/INFO] [dev.ryanhcode.sable.Sable/]: Saving sub-levels for level 'ServerLevel[world]'/minecraft:the_nether
[29Aug2026 21:42:24.138] [Server thread/INFO] [dev.ryanhcode.sable.Sable/]: Saving sub-levels for level 'ServerLevel[world]'/irons_spellbooks:pocket_dimension
[29Aug2026 21:42:24.139] [Server thread/INFO] [dev.ryanhcode.sable.Sable/]: Saving sub-levels for level 'ServerLevel[world]'/aether:the_aether
[29Aug2026 21:42:24.139] [Server thread/INFO] [dev.ryanhcode.sable.Sable/]: Saving sub-levels for level 'ServerLevel[world]'/deeperdarker:otherside
[29Aug2026 21:42:24.146] [Server thread/INFO] [dev.ryanhcode.sable.Sable/]: Saving sub-levels for level 'ServerLevel[world]'/minecraft:the_end
[29Aug2026 21:42:38.380] [Server thread/INFO] [net.minecraft.server.MinecraftServer/]: [pecela19: Teleported pecela19 to 195.500000, 59.500000, 1697.500000]
[29Aug2026 21:44:18.846] [Server thread/INFO] [net.minecraft.server.MinecraftServer/]: [pecela19: Teleported pecela19 to -880.500000, 63.500000, 814.500000]
[29Aug2026 21:44:33.902] [Server thread/INFO] [net.minecraft.server.MinecraftServer/]: [pecela19: Teleported pecela19 to -578.500000, -25.500000, 803.500000]
[29Aug2026 21:47:02.013] [Server thread/INFO] [net.minecraft.server.MinecraftServer/]: [pecela19: Teleported pecela19 to 195.500000, 59.500000, 1697.500000]
[29Aug2026 21:47:20.435] [Server thread/INFO] [net.minecraft.server.MinecraftServer/]: pecela19 was burned to a crisp while fighting Pyromancer
[29Aug2026 21:47:23.915] [Server thread/INFO] [dev.ryanhcode.sable.Sable/]: Saving sub-levels for level 'ServerLevel[world]'/minecraft:overworld
[29Aug2026 21:47:23.969] [Server thread/INFO] [dev.ryanhcode.sable.Sable/]: Saving sub-levels for level 'ServerLevel[world]'/minecraft:the_nether
[29Aug2026 21:47:23.970] [Server thread/INFO] [dev.ryanhcode.sable.Sable/]: Saving sub-levels for level 'ServerLevel[world]'/irons_spellbooks:pocket_dimension
[29Aug2026 21:47:23.970] [Server thread/INFO] [dev.ryanhcode.sable.Sable/]: Saving sub-levels for level 'ServerLevel[world]'/aether:the_aether
[29Aug2026 21:47:23.970] [Server thread/INFO] [dev.ryanhcode.sable.Sable/]: Saving sub-levels for level 'ServerLevel[world]'/deeperdarker:otherside
[29Aug2026 21:47:23.970] [Server thread/INFO] [dev.ryanhcode.sable.Sable/]: Saving sub-levels for level 'ServerLevel[world]'/minecraft:the_end
[29Aug2026 21:47:26.208] [Server thread/INFO] [net.minecraft.server.MinecraftServer/]: [pecela19: Set own game mode to Creative Mode]
[29Aug2026 21:47:29.072] [Server thread/INFO] [net.minecraft.server.MinecraftServer/]: [pecela19: Teleported pecela19 to 210.500000, 59.500000, 1701.500000]
[29Aug2026 21:47:42.844] [Server thread/INFO] [net.minecraft.server.MinecraftServer/]: [pecela19: Set own game mode to Survival Mode]
[29Aug2026 21:47:52.132] [Server thread/INFO] [net.minecraft.server.MinecraftServer/]: [pecela19: Teleported pecela19 to -578.500000, -25.500000, 803.500000]
[29Aug2026 21:50:13.966] [Server thread/INFO] [net.minecraft.server.MinecraftServer/]: [pecela19: Teleported pecela19 to 195.500000, 59.500000, 1697.500000]
[29Aug2026 21:50:32.664] [Server thread/INFO] [net.minecraft.server.MinecraftServer/]: [pecela19: Teleported pecela19 to -551.500000, -36.500000, 875.500000]
[29Aug2026 21:50:36.061] [Server thread/INFO] [net.minecraft.server.MinecraftServer/]: [pecela19: Teleported pecela19 to -880.500000, 63.500000, 814.500000]
[29Aug2026 21:50:54.854] [Server thread/INFO] [net.minecraft.world.entity.npc.Villager/]: Villager Villager['Unemployed'/11385, l='ServerLevel[world]', x=-907.50, y=64.00, z=850.62] died, message: 'Unemployed was slain by Fallen Chaos Knight'
[29Aug2026 21:51:09.038] [Server thread/INFO] [net.minecraft.world.entity.npc.Villager/]: Villager Villager['Mason'/11352, l='ServerLevel[world]', x=-916.83, y=63.13, z=887.83] died, message: 'Mason was slain by Fallen Chaos Knight'
[29Aug2026 21:52:23.882] [Server thread/INFO] [dev.ryanhcode.sable.Sable/]: Saving sub-levels for level 'ServerLevel[world]'/minecraft:overworld
[29Aug2026 21:52:23.920] [Server thread/INFO] [dev.ryanhcode.sable.Sable/]: Saving sub-levels for level 'ServerLevel[world]'/minecraft:the_nether
[29Aug2026 21:52:23.920] [Server thread/INFO] [dev.ryanhcode.sable.Sable/]: Saving sub-levels for level 'ServerLevel[world]'/irons_spellbooks:pocket_dimension
[29Aug2026 21:52:23.921] [Server thread/INFO] [dev.ryanhcode.sable.Sable/]: Saving sub-levels for level 'ServerLevel[world]'/aether:the_aether
[29Aug2026 21:52:23.921] [Server thread/INFO] [dev.ryanhcode.sable.Sable/]: Saving sub-levels for level 'ServerLevel[world]'/deeperdarker:otherside
[29Aug2026 21:52:23.922] [Server thread/INFO] [dev.ryanhcode.sable.Sable/]: Saving sub-levels for level 'ServerLevel[world]'/minecraft:the_end
[29Aug2026 21:52:28.355] [Server thread/INFO] [net.minecraft.server.MinecraftServer/]: [pecela19: Teleported pecela19 to -920.500000, -50.500000, 841.500000]
[29Aug2026 21:52:50.483] [Server thread/INFO] [net.minecraft.server.MinecraftServer/]: [pecela19: Teleported pecela19 to -880.500000, 63.500000, 814.500000]
[29Aug2026 21:54:07.063] [Server thread/INFO] [net.minecraft.server.MinecraftServer/]: pecela19 has completed the challenge [It's Purple!]
[29Aug2026 21:57:23.877] [Server thread/INFO] [dev.ryanhcode.sable.Sable/]: Saving sub-levels for level 'ServerLevel[world]'/minecraft:overworld
[29Aug2026 21:57:23.906] [Server thread/INFO] [dev.ryanhcode.sable.Sable/]: Saving sub-levels for level 'ServerLevel[world]'/minecraft:the_nether
[29Aug2026 21:57:23.906] [Server thread/INFO] [dev.ryanhcode.sable.Sable/]: Saving sub-levels for level 'ServerLevel[world]'/irons_spellbooks:pocket_dimension
[29Aug2026 21:57:23.907] [Server thread/INFO] [dev.ryanhcode.sable.Sable/]: Saving sub-levels for level 'ServerLevel[world]'/aether:the_aether
[29Aug2026 21:57:23.907] [Server thread/INFO] [dev.ryanhcode.sable.Sable/]: Saving sub-levels for level 'ServerLevel[world]'/deeperdarker:otherside
[29Aug2026 21:57:23.907] [Server thread/INFO] [dev.ryanhcode.sable.Sable/]: Saving sub-levels for level 'ServerLevel[world]'/minecraft:the_end
[29Aug2026 22:02:23.882] [Server thread/INFO] [dev.ryanhcode.sable.Sable/]: Saving sub-levels for level 'ServerLevel[world]'/minecraft:overworld
[29Aug2026 22:02:23.910] [Server thread/INFO] [dev.ryanhcode.sable.Sable/]: Saving sub-levels for level 'ServerLevel[world]'/minecraft:the_nether
[29Aug2026 22:02:23.910] [Server thread/INFO] [dev.ryanhcode.sable.Sable/]: Saving sub-levels for level 'ServerLevel[world]'/irons_spellbooks:pocket_dimension
[29Aug2026 22:02:23.911] [Server thread/INFO] [dev.ryanhcode.sable.Sable/]: Saving sub-levels for level 'ServerLevel[world]'/aether:the_aether
[29Aug2026 22:02:23.911] [Server thread/INFO] [dev.ryanhcode.sable.Sable/]: Saving sub-levels for level 'ServerLevel[world]'/deeperdarker:otherside
[29Aug2026 22:02:23.911] [Server thread/INFO] [dev.ryanhcode.sable.Sable/]: Saving sub-levels for level 'ServerLevel[world]'/minecraft:the_end
[29Aug2026 22:03:00.042] [Server thread/INFO] [net.minecraft.server.MinecraftServer/]: pecela19 was slain by Nightmare Stalker
[29Aug2026 22:03:33.704] [Server thread/INFO] [net.minecraft.server.MinecraftServer/]: [pecela19: Teleported pecela19 to -775.500000, 71.500000, 818.500000]
[29Aug2026 22:03:42.571] [Server thread/INFO] [net.minecraft.server.MinecraftServer/]: pecela19 was slain by Nightmare Stalker
[29Aug2026 22:03:44.846] [Server thread/INFO] [net.minecraft.server.MinecraftServer/]: [pecela19: Set own game mode to Creative Mode]
[29Aug2026 22:03:50.028] [Server thread/INFO] [net.minecraft.server.MinecraftServer/]: [pecela19: Teleported pecela19 to -764.500000, 70.500000, 819.500000]
[29Aug2026 22:04:13.360] [Server thread/INFO] [net.minecraft.server.MinecraftServer/]: [pecela19: Set own game mode to Survival Mode]
[29Aug2026 22:04:17.550] [Server thread/INFO] [net.minecraft.server.MinecraftServer/]: [pecela19: Teleported pecela19 to -880.500000, 63.500000, 814.500000]
[29Aug2026 22:04:18.783] [Server thread/INFO] [net.minecraft.server.network.ServerGamePacketListenerImpl/]: pecela19 lost connection: Disconnected
[29Aug2026 22:04:18.784] [Server thread/INFO] [net.minecraft.server.MinecraftServer/]: pecela19 left the game
[29Aug2026 22:04:25.066] [Server thread/INFO] [net.minecraft.server.MinecraftServer/]: Stopping the server
[29Aug2026 22:04:25.120] [Server thread/INFO] [net.minecraft.server.MinecraftServer/]: Stopping server
[29Aug2026 22:04:25.121] [Server thread/INFO] [net.minecraft.server.MinecraftServer/]: Saving players
[29Aug2026 22:04:25.121] [Server thread/INFO] [net.minecraft.server.MinecraftServer/]: Saving worlds
[29Aug2026 22:04:25.162] [Server thread/INFO] [net.minecraft.server.MinecraftServer/]: Saving chunks for level 'ServerLevel[world]'/minecraft:overworld
[29Aug2026 22:04:25.162] [Server thread/INFO] [dev.ryanhcode.sable.Sable/]: Saving sub-levels for level 'ServerLevel[world]'/minecraft:overworld
[29Aug2026 22:04:25.290] [Server thread/INFO] [net.minecraft.server.MinecraftServer/]: Saving chunks for level 'ServerLevel[world]'/minecraft:the_nether
[29Aug2026 22:04:25.291] [Server thread/INFO] [dev.ryanhcode.sable.Sable/]: Saving sub-levels for level 'ServerLevel[world]'/minecraft:the_nether
[29Aug2026 22:04:25.304] [Server thread/INFO] [net.minecraft.server.MinecraftServer/]: Saving chunks for level 'ServerLevel[world]'/irons_spellbooks:pocket_dimension
[29Aug2026 22:04:25.304] [Server thread/INFO] [dev.ryanhcode.sable.Sable/]: Saving sub-levels for level 'ServerLevel[world]'/irons_spellbooks:pocket_dimension
[29Aug2026 22:04:25.318] [Server thread/INFO] [net.minecraft.server.MinecraftServer/]: Saving chunks for level 'ServerLevel[world]'/aether:the_aether
[29Aug2026 22:04:25.318] [Server thread/INFO] [dev.ryanhcode.sable.Sable/]: Saving sub-levels for level 'ServerLevel[world]'/aether:the_aether
[29Aug2026 22:04:25.331] [Server thread/INFO] [net.minecraft.server.MinecraftServer/]: Saving chunks for level 'ServerLevel[world]'/deeperdarker:otherside
[29Aug2026 22:04:25.332] [Server thread/INFO] [dev.ryanhcode.sable.Sable/]: Saving sub-levels for level 'ServerLevel[world]'/deeperdarker:otherside
[29Aug2026 22:04:25.346] [Server thread/INFO] [net.minecraft.server.MinecraftServer/]: Saving chunks for level 'ServerLevel[world]'/minecraft:the_end
[29Aug2026 22:04:25.346] [Server thread/INFO] [dev.ryanhcode.sable.Sable/]: Saving sub-levels for level 'ServerLevel[world]'/minecraft:the_end
[29Aug2026 22:04:25.370] [Server thread/INFO] [net.minecraft.server.MinecraftServer/]: ThreadedAnvilChunkStorage (world): All chunks are saved
[29Aug2026 22:04:25.370] [Server thread/INFO] [net.minecraft.server.MinecraftServer/]: ThreadedAnvilChunkStorage (DIM-1): All chunks are saved
[29Aug2026 22:04:25.370] [Server thread/INFO] [net.minecraft.server.MinecraftServer/]: ThreadedAnvilChunkStorage (pocket_dimension): All chunks are saved
[29Aug2026 22:04:25.371] [Server thread/INFO] [net.minecraft.server.MinecraftServer/]: ThreadedAnvilChunkStorage (the_aether): All chunks are saved
[29Aug2026 22:04:25.371] [Server thread/INFO] [net.minecraft.server.MinecraftServer/]: ThreadedAnvilChunkStorage (otherside): All chunks are saved
[29Aug2026 22:04:25.371] [Server thread/INFO] [net.minecraft.server.MinecraftServer/]: ThreadedAnvilChunkStorage (DIM1): All chunks are saved
[29Aug2026 22:04:25.371] [Server thread/INFO] [net.minecraft.server.MinecraftServer/]: ThreadedAnvilChunkStorage: All dimensions are saved
[29Aug2026 22:04:25.453] [Server thread/INFO] [Puzzles Lib/]: Dispatching unloading event for config hangglider-server.toml
